"DISTRICT_ID","PROVINCE_ID","CODE","DISTRICT_CODE","DISTRICT_THAI","DISTRICT_ENGLISH","UPDATED_AT","CREATED_AT"
1,1,"01","1001",พระนคร,Phra Nakhon,2024-10-25 00:52:08.000,2024-10-25 00:52:08.000
2,1,"02","1002",ดุสิต,Dusit,2024-10-25 00:52:08.000,2024-10-25 00:52:08.000
3,1,"03","1003",หนองจอก,Nong Chok,2024-10-25 00:52:08.000,2024-10-25 00:52:08.000
4,1,"04","1004",บางรัก,Bang Rak,2024-10-25 00:52:08.000,2024-10-25 00:52:08.000
5,1,"05","1005",บางเขน,Bang Khen,2024-10-25 00:52:08.000,2024-10-25 00:52:08.000
6,1,"06","1006",บางกะปิ,Bang Kapi,2024-10-25 00:52:08.000,2024-10-25 00:52:08.000
7,1,"07","1007",ปทุมวัน,Pathum Wan,2024-10-25 00:52:08.000,2024-10-25 00:52:08.000
8,1,"08","1008",ป้อมปราบศัตรูพ่าย,Pom Prap Sattru Phai,2024-10-25 00:52:08.000,2024-10-25 00:52:08.000
9,1,"09","1009",พระโขนง,Phra Khanong,2024-10-25 00:52:08.000,2024-10-25 00:52:08.000
10,1,"10","1010",มีนบุรี,Min Buri,2024-10-25 00:52:08.000,2024-10-25 00:52:08.000
11,1,"11","1011",ลาดกระบัง,Lat Krabang,2024-10-25 00:52:08.000,2024-10-25 00:52:08.000
12,1,"12","1012",ยานนาวา,Yan Nawa,2024-10-25 00:52:08.000,2024-10-25 00:52:08.000
13,1,"13","1013",สัมพันธวงศ์,Samphanthawong,2024-10-25 00:52:08.000,2024-10-25 00:52:08.000
14,1,"14","1014",พญาไท,Phaya Thai,2024-10-25 00:52:08.000,2024-10-25 00:52:08.000
15,1,"15","1015",ธนบุรี,Thon Buri,2024-10-25 00:52:08.000,2024-10-25 00:52:08.000
16,1,"16","1016",บางกอกใหญ่,Bangkok Yai,2024-10-25 00:52:08.000,2024-10-25 00:52:08.000
17,1,"17","1017",ห้วยขวาง,Huai Khwang,2024-10-25 00:52:08.000,2024-10-25 00:52:08.000
18,1,"18","1018",คลองสาน,Khlong San,2024-10-25 00:52:08.000,2024-10-25 00:52:08.000
19,1,"19","1019",ตลิ่งชัน,Taling Chan,2024-10-25 00:52:08.000,2024-10-25 00:52:08.000
20,1,"20","1020",บางกอกน้อย,Bangkok Noi,2024-10-25 00:52:08.000,2024-10-25 00:52:08.000
21,1,"21","1021",บางขุนเทียน,Bang Khun Thian,2024-10-25 00:52:08.000,2024-10-25 00:52:08.000
22,1,"22","1022",ภาษีเจริญ,Phasi Charoen,2024-10-25 00:52:08.000,2024-10-25 00:52:08.000
23,1,"23","1023",หนองแขม,Nong Khaem,2024-10-25 00:52:08.000,2024-10-25 00:52:08.000
24,1,"24","1024",ราษฎร์บูรณะ,Rat Burana,2024-10-25 00:52:08.000,2024-10-25 00:52:08.000
25,1,"25","1025",บางพลัด,Bang Phlat,2024-10-25 00:52:08.000,2024-10-25 00:52:08.000
26,1,"26","1026",ดินแดง,Din Daeng,2024-10-25 00:52:08.000,2024-10-25 00:52:08.000
27,1,"27","1027",บึงกุ่ม,Bueng Kum,2024-10-25 00:52:08.000,2024-10-25 00:52:08.000
28,1,"28","1028",สาทร,Sathon,2024-10-25 00:52:08.000,2024-10-25 00:52:08.000
29,1,"29","1029",บางซื่อ,Bang Sue,2024-10-25 00:52:08.000,2024-10-25 00:52:08.000
30,1,"30","1030",จตุจักร,Chatuchak,2024-10-25 00:52:08.000,2024-10-25 00:52:08.000
31,1,"31","1031",บางคอแหลม,Bang Kho Laem,2024-10-25 00:52:08.000,2024-10-25 00:52:08.000
32,1,"32","1032",ประเวศ,Prawet,2024-10-25 00:52:08.000,2024-10-25 00:52:08.000
33,1,"33","1033",คลองเตย,Khlong Toei,2024-10-25 00:52:08.000,2024-10-25 00:52:08.000
34,1,"34","1034",สวนหลวง,Suan Luang,2024-10-25 00:52:08.000,2024-10-25 00:52:08.000
35,1,"35","1035",จอมทอง,Chom Thong,2024-10-25 00:52:08.000,2024-10-25 00:52:08.000
36,1,"36","1036",ดอนเมือง,Don Mueang,2024-10-25 00:52:08.000,2024-10-25 00:52:08.000
37,1,"37","1037",ราชเทวี,Ratchathewi,2024-10-25 00:52:08.000,2024-10-25 00:52:08.000
38,1,"38","1038",ลาดพร้าว,Lat Phrao,2024-10-25 00:52:08.000,2024-10-25 00:52:08.000
39,1,"39","1039",วัฒนา,Vadhana,2024-10-25 00:52:08.000,2024-10-25 00:52:08.000
40,1,"40","1040",บางแค,Bang Khae,2024-10-25 00:52:08.000,2024-10-25 00:52:08.000
41,1,"41","1041",หลักสี่,Lak Si,2024-10-25 00:52:08.000,2024-10-25 00:52:08.000
42,1,"42","1042",สายไหม,Sai Mai,2024-10-25 00:52:08.000,2024-10-25 00:52:08.000
43,1,"43","1043",คันนายาว,Khan Na Yao,2024-10-25 00:52:08.000,2024-10-25 00:52:08.000
44,1,"44","1044",สะพานสูง,Saphan Sung,2024-10-25 00:52:08.000,2024-10-25 00:52:08.000
45,1,"45","1045",วังทองหลาง,Wang Thonglang,2024-10-25 00:52:08.000,2024-10-25 00:52:08.000
46,1,"46","1046",คลองสามวา,Khlong Sam Wa,2024-10-25 00:52:08.000,2024-10-25 00:52:08.000
47,1,"47","1047",บางนา,Bang Na,2024-10-25 00:52:08.000,2024-10-25 00:52:08.000
48,1,"48","1048",ทวีวัฒนา,Thawi Watthana,2024-10-25 00:52:08.000,2024-10-25 00:52:08.000
49,1,"49","1049",ทุ่งครุ,Thung Khru,2024-10-25 00:52:08.000,2024-10-25 00:52:08.000
50,1,"50","1050",บางบอน,Bang Bon,2024-10-25 00:52:08.000,2024-10-25 00:52:08.000
51,2,"01","1101",เมืองสมุทรปราการ,Mueang Samut Prakan,2024-10-25 00:52:08.000,2024-10-25 00:52:08.000
52,2,"02","1102",บางบ่อ,Bang Bo,2024-10-25 00:52:08.000,2024-10-25 00:52:08.000
53,2,"03","1103",บางพลี,Bang Phli,2024-10-25 00:52:08.000,2024-10-25 00:52:08.000
54,2,"04","1104",พระประแดง,Phra Pradaeng,2024-10-25 00:52:08.000,2024-10-25 00:52:08.000
55,2,"05","1105",พระสมุทรเจดีย์,Phra Samut Chedi,2024-10-25 00:52:08.000,2024-10-25 00:52:08.000
56,2,"06","1106",บางเสาธง,Bang Sao Thong,2024-10-25 00:52:08.000,2024-10-25 00:52:08.000
57,3,"01","1201",เมืองนนทบุรี,Mueang Nonthaburi,2024-10-25 00:52:08.000,2024-10-25 00:52:08.000
58,3,"02","1202",บางกรวย,Bang Kruai,2024-10-25 00:52:08.000,2024-10-25 00:52:08.000
59,3,"03","1203",บางใหญ่,Bang Yai,2024-10-25 00:52:08.000,2024-10-25 00:52:08.000
60,3,"04","1204",บางบัวทอง,Bang Bua Thong,2024-10-25 00:52:08.000,2024-10-25 00:52:08.000
61,3,"05","1205",ไทรน้อย,Sai Noi,2024-10-25 00:52:08.000,2024-10-25 00:52:08.000
62,3,"06","1206",ปากเกร็ด,Pak Kret,2024-10-25 00:52:08.000,2024-10-25 00:52:08.000
63,4,"01","1301",เมืองปทุมธานี,Mueang Pathum Thani,2024-10-25 00:52:08.000,2024-10-25 00:52:08.000
64,4,"02","1302",คลองหลวง,Khlong Luang,2024-10-25 00:52:08.000,2024-10-25 00:52:08.000
65,4,"03","1303",ธัญบุรี,Thanyaburi,2024-10-25 00:52:08.000,2024-10-25 00:52:08.000
66,4,"04","1304",หนองเสือ,Nong Suea,2024-10-25 00:52:08.000,2024-10-25 00:52:08.000
67,4,"05","1305",ลาดหลุมแก้ว,Lat Lum Kaeo,2024-10-25 00:52:08.000,2024-10-25 00:52:08.000
68,4,"06","1306",ลำลูกกา,Lam Luk Ka,2024-10-25 00:52:08.000,2024-10-25 00:52:08.000
69,4,"07","1307",สามโคก,Sam Khok,2024-10-25 00:52:08.000,2024-10-25 00:52:08.000
70,5,"01","1401",พระนครศรีอยุธยา,Phra Nakhon Si Ayutthaya,2024-10-25 00:52:08.000,2024-10-25 00:52:08.000
71,5,"02","1402",ท่าเรือ,Tha Ruea,2024-10-25 00:52:08.000,2024-10-25 00:52:08.000
72,5,"03","1403",นครหลวง,Nakhon Luang,2024-10-25 00:52:08.000,2024-10-25 00:52:08.000
73,5,"04","1404",บางไทร,Bang Sai,2024-10-25 00:52:08.000,2024-10-25 00:52:08.000
74,5,"05","1405",บางบาล,Bang Ban,2024-10-25 00:52:08.000,2024-10-25 00:52:08.000
75,5,"06","1406",บางปะอิน,Bang Pa-in,2024-10-25 00:52:08.000,2024-10-25 00:52:08.000
76,5,"07","1407",บางปะหัน,Bang Pahan,2024-10-25 00:52:08.000,2024-10-25 00:52:08.000
77,5,"08","1408",ผักไห่,Phak Hai,2024-10-25 00:52:08.000,2024-10-25 00:52:08.000
78,5,"09","1409",ภาชี,Phachi,2024-10-25 00:52:08.000,2024-10-25 00:52:08.000
79,5,"10","1410",ลาดบัวหลวง,Lat Bua Luang,2024-10-25 00:52:08.000,2024-10-25 00:52:08.000
80,5,"11","1411",วังน้อย,Wang Noi,2024-10-25 00:52:08.000,2024-10-25 00:52:08.000
81,5,"12","1412",เสนา,Sena,2024-10-25 00:52:08.000,2024-10-25 00:52:08.000
82,5,"13","1413",บางซ้าย,Bang Sai,2024-10-25 00:52:08.000,2024-10-25 00:52:08.000
83,5,"14","1414",อุทัย,Uthai,2024-10-25 00:52:08.000,2024-10-25 00:52:08.000
84,5,"15","1415",มหาราช,Maha Rat,2024-10-25 00:52:08.000,2024-10-25 00:52:08.000
85,5,"16","1416",บ้านแพรก,Ban Phraek,2024-10-25 00:52:08.000,2024-10-25 00:52:08.000
86,6,"01","1501",เมืองอ่างทอง,Mueang Ang Thong,2024-10-25 00:52:08.000,2024-10-25 00:52:08.000
87,6,"02","1502",ไชโย,Chaiyo,2024-10-25 00:52:08.000,2024-10-25 00:52:08.000
88,6,"03","1503",ป่าโมก,Pa Mok,2024-10-25 00:52:08.000,2024-10-25 00:52:08.000
89,6,"04","1504",โพธิ์ทอง,Pho Thong,2024-10-25 00:52:08.000,2024-10-25 00:52:08.000
90,6,"05","1505",แสวงหา,Sawaeng Ha,2024-10-25 00:52:08.000,2024-10-25 00:52:08.000
91,6,"06","1506",วิเศษชัยชาญ,Wiset Chai Chan,2024-10-25 00:52:08.000,2024-10-25 00:52:08.000
92,6,"07","1507",สามโก้,Samko,2024-10-25 00:52:08.000,2024-10-25 00:52:08.000
93,7,"01","1601",เมืองลพบุรี,Mueang Lop Buri,2024-10-25 00:52:08.000,2024-10-25 00:52:08.000
94,7,"02","1602",พัฒนานิคม,Phatthana Nikhom,2024-10-25 00:52:08.000,2024-10-25 00:52:08.000
95,7,"03","1603",โคกสำโรง,Khok Samrong,2024-10-25 00:52:08.000,2024-10-25 00:52:08.000
96,7,"04","1604",ชัยบาดาล,Chai Badan,2024-10-25 00:52:08.000,2024-10-25 00:52:08.000
97,7,"05","1605",ท่าวุ้ง,Tha Wung,2024-10-25 00:52:08.000,2024-10-25 00:52:08.000
98,7,"06","1606",บ้านหมี่,Ban Mi,2024-10-25 00:52:08.000,2024-10-25 00:52:08.000
99,7,"07","1607",ท่าหลวง,Tha Luang,2024-10-25 00:52:08.000,2024-10-25 00:52:08.000
100,7,"08","1608",สระโบสถ์,Sa Bot,2024-10-25 00:52:08.000,2024-10-25 00:52:08.000
101,7,"09","1609",โคกเจริญ,Khok Charoen,2024-10-25 00:52:08.000,2024-10-25 00:52:08.000
102,7,"10","1610",ลำสนธิ,Lam Sonthi,2024-10-25 00:52:08.000,2024-10-25 00:52:08.000
103,7,"11","1611",หนองม่วง,Nong Muang,2024-10-25 00:52:08.000,2024-10-25 00:52:08.000
104,8,"01","1701",เมืองสิงห์บุรี,Mueang Sing Buri,2024-10-25 00:52:08.000,2024-10-25 00:52:08.000
105,8,"02","1702",บางระจัน,Bang Rachan,2024-10-25 00:52:08.000,2024-10-25 00:52:08.000
106,8,"03","1703",ค่ายบางระจัน,Khai Bang Rachan,2024-10-25 00:52:08.000,2024-10-25 00:52:08.000
107,8,"04","1704",พรหมบุรี,Phrom Buri,2024-10-25 00:52:08.000,2024-10-25 00:52:08.000
108,8,"05","1705",ท่าช้าง,Tha Chang,2024-10-25 00:52:08.000,2024-10-25 00:52:08.000
109,8,"06","1706",อินทร์บุรี,In Buri,2024-10-25 00:52:08.000,2024-10-25 00:52:08.000
110,9,"01","1801",เมืองชัยนาท,Mueang Chai Nat,2024-10-25 00:52:08.000,2024-10-25 00:52:08.000
111,9,"02","1802",มโนรมย์,Manorom,2024-10-25 00:52:08.000,2024-10-25 00:52:08.000
112,9,"03","1803",วัดสิงห์,Wat Sing,2024-10-25 00:52:08.000,2024-10-25 00:52:08.000
113,9,"04","1804",สรรพยา,Sapphaya,2024-10-25 00:52:08.000,2024-10-25 00:52:08.000
114,9,"05","1805",สรรคบุรี,Sankhaburi,2024-10-25 00:52:08.000,2024-10-25 00:52:08.000
115,9,"06","1806",หันคา,Hankha,2024-10-25 00:52:08.000,2024-10-25 00:52:08.000
116,9,"07","1807",หนองมะโมง,Nong Mamong,2024-10-25 00:52:08.000,2024-10-25 00:52:08.000
117,9,"08","1808",เนินขาม,Noen Kham,2024-10-25 00:52:08.000,2024-10-25 00:52:08.000
118,10,"01","1901",เมืองสระบุรี,Mueang Saraburi,2024-10-25 00:52:08.000,2024-10-25 00:52:08.000
119,10,"02","1902",แก่งคอย,Kaeng Khoi,2024-10-25 00:52:08.000,2024-10-25 00:52:08.000
120,10,"03","1903",หนองแค,Nong Khae,2024-10-25 00:52:08.000,2024-10-25 00:52:08.000
121,10,"04","1904",วิหารแดง,Wihan Daeng,2024-10-25 00:52:08.000,2024-10-25 00:52:08.000
122,10,"05","1905",หนองแซง,Nong Saeng,2024-10-25 00:52:08.000,2024-10-25 00:52:08.000
123,10,"06","1906",บ้านหมอ,Ban Mo,2024-10-25 00:52:08.000,2024-10-25 00:52:08.000
124,10,"07","1907",ดอนพุด,Don Phut,2024-10-25 00:52:08.000,2024-10-25 00:52:08.000
125,10,"08","1908",หนองโดน,Nong Don,2024-10-25 00:52:08.000,2024-10-25 00:52:08.000
126,10,"09","1909",พระพุทธบาท,Phra Phutthabat,2024-10-25 00:52:08.000,2024-10-25 00:52:08.000
127,10,"10","1910",เสาไห้,Sao Hai,2024-10-25 00:52:08.000,2024-10-25 00:52:08.000
128,10,"11","1911",มวกเหล็ก,Muak Lek,2024-10-25 00:52:08.000,2024-10-25 00:52:08.000
129,10,"12","1912",วังม่วง,Wang Muang,2024-10-25 00:52:08.000,2024-10-25 00:52:08.000
130,10,"13","1913",เฉลิมพระเกียรติ,Chaloem Phra Kiat,2024-10-25 00:52:08.000,2024-10-25 00:52:08.000
131,11,"01","2001",เมืองชลบุรี,Mueang Chon Buri,2024-10-25 00:52:08.000,2024-10-25 00:52:08.000
132,11,"02","2002",บ้านบึง,Ban Bueng,2024-10-25 00:52:08.000,2024-10-25 00:52:08.000
133,11,"03","2003",หนองใหญ่,Nong Yai,2024-10-25 00:52:08.000,2024-10-25 00:52:08.000
134,11,"04","2004",บางละมุง,Bang Lamung,2024-10-25 00:52:08.000,2024-10-25 00:52:08.000
135,11,"05","2005",พานทอง,Phan Thong,2024-10-25 00:52:08.000,2024-10-25 00:52:08.000
136,11,"06","2006",พนัสนิคม,Phanat Nikhom,2024-10-25 00:52:08.000,2024-10-25 00:52:08.000
137,11,"07","2007",ศรีราชา,Si Racha,2024-10-25 00:52:08.000,2024-10-25 00:52:08.000
138,11,"08","2008",เกาะสีชัง,Ko Sichang,2024-10-25 00:52:08.000,2024-10-25 00:52:08.000
139,11,"09","2009",สัตหีบ,Sattahip,2024-10-25 00:52:08.000,2024-10-25 00:52:08.000
140,11,"10","2010",บ่อทอง,Bo Thong,2024-10-25 00:52:08.000,2024-10-25 00:52:08.000
141,11,"11","2011",เกาะจันทร์,Ko Chan,2024-10-25 00:52:08.000,2024-10-25 00:52:08.000
142,12,"01","2101",เมืองระยอง,Mueang Rayong,2024-10-25 00:52:08.000,2024-10-25 00:52:08.000
143,12,"02","2102",บ้านฉาง,Ban Chang,2024-10-25 00:52:08.000,2024-10-25 00:52:08.000
144,12,"03","2103",แกลง,Klaeng,2024-10-25 00:52:08.000,2024-10-25 00:52:08.000
145,12,"04","2104",วังจันทร์,Wang Chan,2024-10-25 00:52:08.000,2024-10-25 00:52:08.000
146,12,"05","2105",บ้านค่าย,Ban Khai,2024-10-25 00:52:08.000,2024-10-25 00:52:08.000
147,12,"06","2106",ปลวกแดง,Pluak Daeng,2024-10-25 00:52:08.000,2024-10-25 00:52:08.000
148,12,"07","2107",เขาชะเมา,Khao Chamao,2024-10-25 00:52:08.000,2024-10-25 00:52:08.000
149,12,"08","2108",นิคมพัฒนา,Nikhom Phatthana,2024-10-25 00:52:08.000,2024-10-25 00:52:08.000
150,13,"01","2201",เมืองจันทบุรี,Mueang Chanthaburi,2024-10-25 00:52:08.000,2024-10-25 00:52:08.000
151,13,"02","2202",ขลุง,Khlung,2024-10-25 00:52:08.000,2024-10-25 00:52:08.000
152,13,"03","2203",ท่าใหม่,Tha Mai,2024-10-25 00:52:08.000,2024-10-25 00:52:08.000
153,13,"04","2204",โป่งน้ำร้อน,Pong Nam Ron,2024-10-25 00:52:08.000,2024-10-25 00:52:08.000
154,13,"05","2205",มะขาม,Makham,2024-10-25 00:52:08.000,2024-10-25 00:52:08.000
155,13,"06","2206",แหลมสิงห์,Laem Sing,2024-10-25 00:52:08.000,2024-10-25 00:52:08.000
156,13,"07","2207",สอยดาว,Soi Dao,2024-10-25 00:52:08.000,2024-10-25 00:52:08.000
157,13,"08","2208",แก่งหางแมว,Kaeng Hang Maeo,2024-10-25 00:52:08.000,2024-10-25 00:52:08.000
158,13,"09","2209",นายายอาม,Na Yai Am,2024-10-25 00:52:08.000,2024-10-25 00:52:08.000
159,13,"10","2210",เขาคิชฌกูฏ,Khao Khitchakut,2024-10-25 00:52:08.000,2024-10-25 00:52:08.000
160,14,"01","2301",เมืองตราด,Mueang Trat,2024-10-25 00:52:08.000,2024-10-25 00:52:08.000
161,14,"02","2302",คลองใหญ่,Khlong Yai,2024-10-25 00:52:08.000,2024-10-25 00:52:08.000
162,14,"03","2303",เขาสมิง,Khao Saming,2024-10-25 00:52:08.000,2024-10-25 00:52:08.000
163,14,"04","2304",บ่อไร่,Bo Rai,2024-10-25 00:52:08.000,2024-10-25 00:52:08.000
164,14,"05","2305",แหลมงอบ,Laem Ngop,2024-10-25 00:52:08.000,2024-10-25 00:52:08.000
165,14,"06","2306",เกาะกูด,Ko Kut,2024-10-25 00:52:08.000,2024-10-25 00:52:08.000
166,14,"07","2307",เกาะช้าง,Ko Chang,2024-10-25 00:52:08.000,2024-10-25 00:52:08.000
167,15,"01","2401",เมืองฉะเชิงเทรา,Mueang Chachoengsao,2024-10-25 00:52:08.000,2024-10-25 00:52:08.000
168,15,"02","2402",บางคล้า,Bang Khla,2024-10-25 00:52:08.000,2024-10-25 00:52:08.000
169,15,"03","2403",บางน้ำเปรี้ยว,Bang Nam Priao,2024-10-25 00:52:08.000,2024-10-25 00:52:08.000
170,15,"04","2404",บางปะกง,Bang Pakong,2024-10-25 00:52:08.000,2024-10-25 00:52:08.000
171,15,"05","2405",บ้านโพธิ์,Ban Pho,2024-10-25 00:52:08.000,2024-10-25 00:52:08.000
172,15,"06","2406",พนมสารคาม,Phanom Sarakham,2024-10-25 00:52:08.000,2024-10-25 00:52:08.000
173,15,"07","2407",ราชสาส์น,Ratchasan,2024-10-25 00:52:08.000,2024-10-25 00:52:08.000
174,15,"08","2408",สนามชัยเขต,Sanam Chai Khet,2024-10-25 00:52:08.000,2024-10-25 00:52:08.000
175,15,"09","2409",แปลงยาว,Plaeng Yao,2024-10-25 00:52:08.000,2024-10-25 00:52:08.000
176,15,"10","2410",ท่าตะเกียบ,Tha Takiap,2024-10-25 00:52:08.000,2024-10-25 00:52:08.000
177,15,"11","2411",คลองเขื่อน,Khlong Khuean,2024-10-25 00:52:08.000,2024-10-25 00:52:08.000
178,16,"01","2501",เมืองปราจีนบุรี,Mueang Prachin Buri,2024-10-25 00:52:08.000,2024-10-25 00:52:08.000
179,16,"02","2502",กบินทร์บุรี,Kabin Buri,2024-10-25 00:52:08.000,2024-10-25 00:52:08.000
180,16,"03","2503",นาดี,Na Di,2024-10-25 00:52:08.000,2024-10-25 00:52:08.000
181,16,"06","2506",บ้านสร้าง,Ban Sang,2024-10-25 00:52:08.000,2024-10-25 00:52:08.000
182,16,"07","2507",ประจันตคาม,Prachantakham,2024-10-25 00:52:08.000,2024-10-25 00:52:08.000
183,16,"08","2508",ศรีมหาโพธิ,Si Maha Phot,2024-10-25 00:52:08.000,2024-10-25 00:52:08.000
184,16,"09","2509",ศรีมโหสถ,Si Mahosot,2024-10-25 00:52:08.000,2024-10-25 00:52:08.000
185,17,"01","2601",เมืองนครนายก,Mueang Nakhon Nayok,2024-10-25 00:52:08.000,2024-10-25 00:52:08.000
186,17,"02","2602",ปากพลี,Pak Phli,2024-10-25 00:52:08.000,2024-10-25 00:52:08.000
187,17,"03","2603",บ้านนา,Ban Na,2024-10-25 00:52:08.000,2024-10-25 00:52:08.000
188,17,"04","2604",องครักษ์,Ongkharak,2024-10-25 00:52:08.000,2024-10-25 00:52:08.000
189,18,"01","2701",เมืองสระแก้ว,Mueang Sa Kaeo,2024-10-25 00:52:08.000,2024-10-25 00:52:08.000
190,18,"02","2702",คลองหาด,Khlong Hat,2024-10-25 00:52:08.000,2024-10-25 00:52:08.000
191,18,"03","2703",ตาพระยา,Ta Phraya,2024-10-25 00:52:08.000,2024-10-25 00:52:08.000
192,18,"04","2704",วังน้ำเย็น,Wang Nam Yen,2024-10-25 00:52:08.000,2024-10-25 00:52:08.000
193,18,"05","2705",วัฒนานคร,Watthana Nakhon,2024-10-25 00:52:08.000,2024-10-25 00:52:08.000
194,18,"06","2706",อรัญประเทศ,Aranyaprathet,2024-10-25 00:52:08.000,2024-10-25 00:52:08.000
195,18,"07","2707",เขาฉกรรจ์,Khao Chakan,2024-10-25 00:52:08.000,2024-10-25 00:52:08.000
196,18,"08","2708",โคกสูง,Khok Sung,2024-10-25 00:52:08.000,2024-10-25 00:52:08.000
197,18,"09","2709",วังสมบูรณ์,Wang Sombun,2024-10-25 00:52:08.000,2024-10-25 00:52:08.000
198,19,"01","3001",เมืองนครราชสีมา,Mueang Nakhon Ratchasima,2024-10-25 00:52:08.000,2024-10-25 00:52:08.000
199,19,"02","3002",ครบุรี,Khon Buri,2024-10-25 00:52:08.000,2024-10-25 00:52:08.000
200,19,"03","3003",เสิงสาง,Soeng Sang,2024-10-25 00:52:08.000,2024-10-25 00:52:08.000
201,19,"04","3004",คง,Khong,2024-10-25 00:52:08.000,2024-10-25 00:52:08.000
202,19,"05","3005",บ้านเหลื่อม,Ban Lueam,2024-10-25 00:52:08.000,2024-10-25 00:52:08.000
203,19,"06","3006",จักราช,Chakkarat,2024-10-25 00:52:08.000,2024-10-25 00:52:08.000
204,19,"07","3007",โชคชัย,Chok Chai,2024-10-25 00:52:08.000,2024-10-25 00:52:08.000
205,19,"08","3008",ด่านขุนทด,Dan Khun Thot,2024-10-25 00:52:08.000,2024-10-25 00:52:08.000
206,19,"09","3009",โนนไทย,Non Thai,2024-10-25 00:52:08.000,2024-10-25 00:52:08.000
207,19,"10","3010",โนนสูง,Non Sung,2024-10-25 00:52:08.000,2024-10-25 00:52:08.000
208,19,"11","3011",ขามสะแกแสง,Kham Sakaesaeng,2024-10-25 00:52:08.000,2024-10-25 00:52:08.000
209,19,"12","3012",บัวใหญ่,Bua Yai,2024-10-25 00:52:08.000,2024-10-25 00:52:08.000
210,19,"13","3013",ประทาย,Prathai,2024-10-25 00:52:08.000,2024-10-25 00:52:08.000
211,19,"14","3014",ปักธงชัย,Pak Thong Chai,2024-10-25 00:52:08.000,2024-10-25 00:52:08.000
212,19,"15","3015",พิมาย,Phimai,2024-10-25 00:52:08.000,2024-10-25 00:52:08.000
213,19,"16","3016",ห้วยแถลง,Huai Thalaeng,2024-10-25 00:52:08.000,2024-10-25 00:52:08.000
214,19,"17","3017",ชุมพวง,Chum Phuang,2024-10-25 00:52:08.000,2024-10-25 00:52:08.000
215,19,"18","3018",สูงเนิน,Sung Noen,2024-10-25 00:52:08.000,2024-10-25 00:52:08.000
216,19,"19","3019",ขามทะเลสอ,Kham Thale So,2024-10-25 00:52:08.000,2024-10-25 00:52:08.000
217,19,"20","3020",สีคิ้ว,Sikhio,2024-10-25 00:52:08.000,2024-10-25 00:52:08.000
218,19,"21","3021",ปากช่อง,Pak Chong,2024-10-25 00:52:08.000,2024-10-25 00:52:08.000
219,19,"22","3022",หนองบุญมาก,Nong Bunmak,2024-10-25 00:52:08.000,2024-10-25 00:52:08.000
220,19,"23","3023",แก้งสนามนาง,Kaeng Sanam Nang,2024-10-25 00:52:08.000,2024-10-25 00:52:08.000
221,19,"24","3024",โนนแดง,Non Daeng,2024-10-25 00:52:08.000,2024-10-25 00:52:08.000
222,19,"25","3025",วังน้ำเขียว,Wang Nam Khiao,2024-10-25 00:52:08.000,2024-10-25 00:52:08.000
223,19,"26","3026",เทพารักษ์,Thepharak,2024-10-25 00:52:08.000,2024-10-25 00:52:08.000
224,19,"27","3027",เมืองยาง,Mueang Yang,2024-10-25 00:52:08.000,2024-10-25 00:52:08.000
225,19,"28","3028",พระทองคำ,Phra Thong Kham,2024-10-25 00:52:08.000,2024-10-25 00:52:08.000
226,19,"29","3029",ลำทะเมนชัย,Lam Thamenchai,2024-10-25 00:52:08.000,2024-10-25 00:52:08.000
227,19,"30","3030",บัวลาย,Bua Lai,2024-10-25 00:52:08.000,2024-10-25 00:52:08.000
228,19,"31","3031",สีดา,Sida,2024-10-25 00:52:08.000,2024-10-25 00:52:08.000
229,19,"32","3032",เฉลิมพระเกียรติ,Chaloem Phra Kiat,2024-10-25 00:52:08.000,2024-10-25 00:52:08.000
230,20,"01","3101",เมืองบุรีรัมย์,Mueang Buri Ram,2024-10-25 00:52:08.000,2024-10-25 00:52:08.000
231,20,"02","3102",คูเมือง,Khu Mueang,2024-10-25 00:52:08.000,2024-10-25 00:52:08.000
232,20,"03","3103",กระสัง,Krasang,2024-10-25 00:52:08.000,2024-10-25 00:52:08.000
233,20,"04","3104",นางรอง,Nang Rong,2024-10-25 00:52:08.000,2024-10-25 00:52:08.000
234,20,"05","3105",หนองกี่,Nong Ki,2024-10-25 00:52:08.000,2024-10-25 00:52:08.000
235,20,"06","3106",ละหานทราย,Lahan Sai,2024-10-25 00:52:08.000,2024-10-25 00:52:08.000
236,20,"07","3107",ประโคนชัย,Prakhon Chai,2024-10-25 00:52:08.000,2024-10-25 00:52:08.000
237,20,"08","3108",บ้านกรวด,Ban Kruat,2024-10-25 00:52:08.000,2024-10-25 00:52:08.000
238,20,"09","3109",พุทไธสง,Phutthaisong,2024-10-25 00:52:08.000,2024-10-25 00:52:08.000
239,20,"10","3110",ลำปลายมาศ,Lam Plai Mat,2024-10-25 00:52:08.000,2024-10-25 00:52:08.000
240,20,"11","3111",สตึก,Satuek,2024-10-25 00:52:08.000,2024-10-25 00:52:08.000
241,20,"12","3112",ปะคำ,Pakham,2024-10-25 00:52:08.000,2024-10-25 00:52:08.000
242,20,"13","3113",นาโพธิ์,Na Pho,2024-10-25 00:52:08.000,2024-10-25 00:52:08.000
243,20,"14","3114",หนองหงส์,Nong Hong,2024-10-25 00:52:08.000,2024-10-25 00:52:08.000
244,20,"15","3115",พลับพลาชัย,Phlapphla Chai,2024-10-25 00:52:08.000,2024-10-25 00:52:08.000
245,20,"16","3116",ห้วยราช,Huai Rat,2024-10-25 00:52:08.000,2024-10-25 00:52:08.000
246,20,"17","3117",โนนสุวรรณ,Non Suwan,2024-10-25 00:52:08.000,2024-10-25 00:52:08.000
247,20,"18","3118",ชำนิ,Chamni,2024-10-25 00:52:08.000,2024-10-25 00:52:08.000
248,20,"19","3119",บ้านใหม่ไชยพจน์,Ban Mai Chaiyaphot,2024-10-25 00:52:08.000,2024-10-25 00:52:08.000
249,20,"20","3120",โนนดินแดง,Non Din Daeng,2024-10-25 00:52:08.000,2024-10-25 00:52:08.000
250,20,"21","3121",บ้านด่าน,Ban Dan,2024-10-25 00:52:08.000,2024-10-25 00:52:08.000
251,20,"22","3122",แคนดง,Khaen Dong,2024-10-25 00:52:08.000,2024-10-25 00:52:08.000
252,20,"23","3123",เฉลิมพระเกียรติ,Chaloem Phra Kiat,2024-10-25 00:52:08.000,2024-10-25 00:52:08.000
253,21,"01","3201",เมืองสุรินทร์,Mueang Surin,2024-10-25 00:52:08.000,2024-10-25 00:52:08.000
254,21,"02","3202",ชุมพลบุรี,Chumphon Buri,2024-10-25 00:52:08.000,2024-10-25 00:52:08.000
255,21,"03","3203",ท่าตูม,Tha Tum,2024-10-25 00:52:08.000,2024-10-25 00:52:08.000
256,21,"04","3204",จอมพระ,Chom Phra,2024-10-25 00:52:08.000,2024-10-25 00:52:08.000
257,21,"05","3205",ปราสาท,Prasat,2024-10-25 00:52:08.000,2024-10-25 00:52:08.000
258,21,"06","3206",กาบเชิง,Kap Choeng,2024-10-25 00:52:08.000,2024-10-25 00:52:08.000
259,21,"07","3207",รัตนบุรี,Rattanaburi,2024-10-25 00:52:08.000,2024-10-25 00:52:08.000
260,21,"08","3208",สนม,Sanom,2024-10-25 00:52:08.000,2024-10-25 00:52:08.000
261,21,"09","3209",ศีขรภูมิ,Sikhoraphum,2024-10-25 00:52:08.000,2024-10-25 00:52:08.000
262,21,"10","3210",สังขะ,Sangkha,2024-10-25 00:52:08.000,2024-10-25 00:52:08.000
263,21,"11","3211",ลำดวน,Lamduan,2024-10-25 00:52:08.000,2024-10-25 00:52:08.000
264,21,"12","3212",สำโรงทาบ,Samrong Thap,2024-10-25 00:52:08.000,2024-10-25 00:52:08.000
265,21,"13","3213",บัวเชด,Buachet,2024-10-25 00:52:08.000,2024-10-25 00:52:08.000
266,21,"14","3214",พนมดงรัก,Phanom Dong Rak,2024-10-25 00:52:08.000,2024-10-25 00:52:08.000
267,21,"15","3215",ศรีณรงค์,Si Narong,2024-10-25 00:52:08.000,2024-10-25 00:52:08.000
268,21,"16","3216",เขวาสินรินทร์,Khwao Sinrin,2024-10-25 00:52:08.000,2024-10-25 00:52:08.000
269,21,"17","3217",โนนนารายณ์,Non Narai,2024-10-25 00:52:08.000,2024-10-25 00:52:08.000
270,22,"01","3301",เมืองศรีสะเกษ,Mueang Si Sa Ket,2024-10-25 00:52:08.000,2024-10-25 00:52:08.000
271,22,"02","3302",ยางชุมน้อย,Yang Chum Noi,2024-10-25 00:52:08.000,2024-10-25 00:52:08.000
272,22,"03","3303",กันทรารมย์,Kanthararom,2024-10-25 00:52:08.000,2024-10-25 00:52:08.000
273,22,"04","3304",กันทรลักษ์,Kantharalak,2024-10-25 00:52:08.000,2024-10-25 00:52:08.000
274,22,"05","3305",ขุขันธ์,Khukhan,2024-10-25 00:52:08.000,2024-10-25 00:52:08.000
275,22,"06","3306",ไพรบึง,Phrai Bueng,2024-10-25 00:52:08.000,2024-10-25 00:52:08.000
276,22,"07","3307",ปรางค์กู่,Prang Ku,2024-10-25 00:52:08.000,2024-10-25 00:52:08.000
277,22,"08","3308",ขุนหาญ,Khun Han,2024-10-25 00:52:08.000,2024-10-25 00:52:08.000
278,22,"09","3309",ราษีไศล,Rasi Salai,2024-10-25 00:52:08.000,2024-10-25 00:52:08.000
279,22,"10","3310",อุทุมพรพิสัย,Uthumphon Phisai,2024-10-25 00:52:08.000,2024-10-25 00:52:08.000
280,22,"11","3311",บึงบูรพ์,Bueng Bun,2024-10-25 00:52:08.000,2024-10-25 00:52:08.000
281,22,"12","3312",ห้วยทับทัน,Huai Thap Than,2024-10-25 00:52:08.000,2024-10-25 00:52:08.000
282,22,"13","3313",โนนคูณ,Non Khun,2024-10-25 00:52:08.000,2024-10-25 00:52:08.000
283,22,"14","3314",ศรีรัตนะ,Si Rattana,2024-10-25 00:52:08.000,2024-10-25 00:52:08.000
284,22,"15","3315",น้ำเกลี้ยง,Nam Kliang,2024-10-25 00:52:08.000,2024-10-25 00:52:08.000
285,22,"16","3316",วังหิน,Wang Hin,2024-10-25 00:52:08.000,2024-10-25 00:52:08.000
286,22,"17","3317",ภูสิงห์,Phu Sing,2024-10-25 00:52:08.000,2024-10-25 00:52:08.000
287,22,"18","3318",เมืองจันทร์,Mueang Chan,2024-10-25 00:52:08.000,2024-10-25 00:52:08.000
288,22,"19","3319",เบญจลักษ์,Benchalak,2024-10-25 00:52:08.000,2024-10-25 00:52:08.000
289,22,"20","3320",พยุห์,Phayu,2024-10-25 00:52:08.000,2024-10-25 00:52:08.000
290,22,"21","3321",โพธิ์ศรีสุวรรณ,Pho Si Suwan,2024-10-25 00:52:08.000,2024-10-25 00:52:08.000
291,22,"22","3322",ศิลาลาด,Sila Lat,2024-10-25 00:52:08.000,2024-10-25 00:52:08.000
292,23,"01","3401",เมืองอุบลราชธานี,Mueang Ubon Ratchathani,2024-10-25 00:52:08.000,2024-10-25 00:52:08.000
293,23,"02","3402",ศรีเมืองใหม่,Si Mueang Mai,2024-10-25 00:52:08.000,2024-10-25 00:52:08.000
294,23,"03","3403",โขงเจียม,Khong Chiam,2024-10-25 00:52:08.000,2024-10-25 00:52:08.000
295,23,"04","3404",เขื่องใน,Khueang Nai,2024-10-25 00:52:08.000,2024-10-25 00:52:08.000
296,23,"05","3405",เขมราฐ,Khemarat,2024-10-25 00:52:08.000,2024-10-25 00:52:08.000
297,23,"07","3407",เดชอุดม,Det Udom,2024-10-25 00:52:08.000,2024-10-25 00:52:08.000
298,23,"08","3408",นาจะหลวย,Na Chaluai,2024-10-25 00:52:08.000,2024-10-25 00:52:08.000
299,23,"09","3409",น้ำยืน,Nam Yuen,2024-10-25 00:52:08.000,2024-10-25 00:52:08.000
300,23,"10","3410",บุณฑริก,Buntharik,2024-10-25 00:52:08.000,2024-10-25 00:52:08.000
301,23,"11","3411",ตระการพืชผล,Trakan Phuet Phon,2024-10-25 00:52:08.000,2024-10-25 00:52:08.000
302,23,"12","3412",กุดข้าวปุ้น,Kut Khaopun,2024-10-25 00:52:08.000,2024-10-25 00:52:08.000
303,23,"14","3414",ม่วงสามสิบ,Muang Sam Sip,2024-10-25 00:52:08.000,2024-10-25 00:52:08.000
304,23,"15","3415",วารินชำราบ,Warin Chamrap,2024-10-25 00:52:08.000,2024-10-25 00:52:08.000
305,23,"19","3419",พิบูลมังสาหาร,Phibun Mangsahan,2024-10-25 00:52:08.000,2024-10-25 00:52:08.000
306,23,"20","3420",ตาลสุม,Tan Sum,2024-10-25 00:52:08.000,2024-10-25 00:52:08.000
307,23,"21","3421",โพธิ์ไทร,Pho Sai,2024-10-25 00:52:08.000,2024-10-25 00:52:08.000
308,23,"22","3422",สำโรง,Samrong,2024-10-25 00:52:08.000,2024-10-25 00:52:08.000
309,23,"24","3424",ดอนมดแดง,Don Mot Daeng,2024-10-25 00:52:08.000,2024-10-25 00:52:08.000
310,23,"25","3425",สิรินธร,Sirindhorn,2024-10-25 00:52:08.000,2024-10-25 00:52:08.000
311,23,"26","3426",ทุ่งศรีอุดม,Thung Si Udom,2024-10-25 00:52:08.000,2024-10-25 00:52:08.000
312,23,"29","3429",นาเยีย,Na Yia,2024-10-25 00:52:08.000,2024-10-25 00:52:08.000
313,23,"30","3430",นาตาล,Na Tan,2024-10-25 00:52:08.000,2024-10-25 00:52:08.000
314,23,"31","3431",เหล่าเสือโก้ก,Lao Suea Kok,2024-10-25 00:52:08.000,2024-10-25 00:52:08.000
315,23,"32","3432",สว่างวีระวงศ์,Sawang Wirawong,2024-10-25 00:52:08.000,2024-10-25 00:52:08.000
316,23,"33","3433",น้ำขุ่น,Nam Khun,2024-10-25 00:52:08.000,2024-10-25 00:52:08.000
317,24,"01","3501",เมืองยโสธร,Mueang Yasothon,2024-10-25 00:52:08.000,2024-10-25 00:52:08.000
318,24,"02","3502",ทรายมูล,Sai Mun,2024-10-25 00:52:08.000,2024-10-25 00:52:08.000
319,24,"03","3503",กุดชุม,Kut Chum,2024-10-25 00:52:08.000,2024-10-25 00:52:08.000
320,24,"04","3504",คำเขื่อนแก้ว,Kham Khuean Kaeo,2024-10-25 00:52:08.000,2024-10-25 00:52:08.000
321,24,"05","3505",ป่าติ้ว,Pa Tio,2024-10-25 00:52:08.000,2024-10-25 00:52:08.000
322,24,"06","3506",มหาชนะชัย,Maha Chana Chai,2024-10-25 00:52:08.000,2024-10-25 00:52:08.000
323,24,"07","3507",ค้อวัง,Kho Wang,2024-10-25 00:52:08.000,2024-10-25 00:52:08.000
324,24,"08","3508",เลิงนกทา,Loeng Nok Tha,2024-10-25 00:52:08.000,2024-10-25 00:52:08.000
325,24,"09","3509",ไทยเจริญ,Thai Charoen,2024-10-25 00:52:08.000,2024-10-25 00:52:08.000
326,25,"01","3601",เมืองชัยภูมิ,Mueang Chaiyaphum,2024-10-25 00:52:08.000,2024-10-25 00:52:08.000
327,25,"02","3602",บ้านเขว้า,Ban Khwao,2024-10-25 00:52:08.000,2024-10-25 00:52:08.000
328,25,"03","3603",คอนสวรรค์,Khon Sawan,2024-10-25 00:52:08.000,2024-10-25 00:52:08.000
329,25,"04","3604",เกษตรสมบูรณ์,Kaset Sombun,2024-10-25 00:52:08.000,2024-10-25 00:52:08.000
330,25,"05","3605",หนองบัวแดง,Nong Bua Daeng,2024-10-25 00:52:08.000,2024-10-25 00:52:08.000
331,25,"06","3606",จัตุรัส,Chatturat,2024-10-25 00:52:08.000,2024-10-25 00:52:08.000
332,25,"07","3607",บำเหน็จณรงค์,Bamnet Narong,2024-10-25 00:52:08.000,2024-10-25 00:52:08.000
333,25,"08","3608",หนองบัวระเหว,Nong Bua Rawe,2024-10-25 00:52:08.000,2024-10-25 00:52:08.000
334,25,"09","3609",เทพสถิต,Thep Sathit,2024-10-25 00:52:08.000,2024-10-25 00:52:08.000
335,25,"10","3610",ภูเขียว,Phu Khiao,2024-10-25 00:52:08.000,2024-10-25 00:52:08.000
336,25,"11","3611",บ้านแท่น,Ban Thaen,2024-10-25 00:52:08.000,2024-10-25 00:52:08.000
337,25,"12","3612",แก้งคร้อ,Kaeng Khro,2024-10-25 00:52:08.000,2024-10-25 00:52:08.000
338,25,"13","3613",คอนสาร,Khon San,2024-10-25 00:52:08.000,2024-10-25 00:52:08.000
339,25,"14","3614",ภักดีชุมพล,Phakdi Chumphon,2024-10-25 00:52:08.000,2024-10-25 00:52:08.000
340,25,"15","3615",เนินสง่า,Noen Sa-nga,2024-10-25 00:52:08.000,2024-10-25 00:52:08.000
341,25,"16","3616",ซับใหญ่,Sap Yai,2024-10-25 00:52:08.000,2024-10-25 00:52:08.000
342,26,"01","3701",เมืองอำนาจเจริญ,Mueang Amnat Charoen,2024-10-25 00:52:08.000,2024-10-25 00:52:08.000
343,26,"02","3702",ชานุมาน,Chanuman,2024-10-25 00:52:08.000,2024-10-25 00:52:08.000
344,26,"03","3703",ปทุมราชวงศา,Pathum Ratchawongsa,2024-10-25 00:52:08.000,2024-10-25 00:52:08.000
345,26,"04","3704",พนา,Phana,2024-10-25 00:52:08.000,2024-10-25 00:52:08.000
346,26,"05","3705",เสนางคนิคม,Senangkhanikhom,2024-10-25 00:52:08.000,2024-10-25 00:52:08.000
347,26,"06","3706",หัวตะพาน,Hua Taphan,2024-10-25 00:52:08.000,2024-10-25 00:52:08.000
348,26,"07","3707",ลืออำนาจ,Lue Amnat,2024-10-25 00:52:08.000,2024-10-25 00:52:08.000
349,27,"01","3801",เมืองบึงกาฬ,Mueang Bueng Kan,2024-10-25 00:52:08.000,2024-10-25 00:52:08.000
350,27,"02","3802",พรเจริญ,Phon Charoen,2024-10-25 00:52:08.000,2024-10-25 00:52:08.000
351,27,"03","3803",โซ่พิสัย,So Phisai,2024-10-25 00:52:08.000,2024-10-25 00:52:08.000
352,27,"04","3804",เซกา,Seka,2024-10-25 00:52:08.000,2024-10-25 00:52:08.000
353,27,"05","3805",ปากคาด,Pak Khat,2024-10-25 00:52:08.000,2024-10-25 00:52:08.000
354,27,"06","3806",บึงโขงหลง,Bueng Khong Long,2024-10-25 00:52:08.000,2024-10-25 00:52:08.000
355,27,"07","3807",ศรีวิไล,Si Wilai,2024-10-25 00:52:08.000,2024-10-25 00:52:08.000
356,27,"08","3808",บุ่งคล้า,Bung Khla,2024-10-25 00:52:08.000,2024-10-25 00:52:08.000
357,28,"01","3901",เมืองหนองบัวลำภู,Mueang Nong Bua Lam Phu,2024-10-25 00:52:08.000,2024-10-25 00:52:08.000
358,28,"02","3902",นากลาง,Na Klang,2024-10-25 00:52:08.000,2024-10-25 00:52:08.000
359,28,"03","3903",โนนสัง,Non Sang,2024-10-25 00:52:08.000,2024-10-25 00:52:08.000
360,28,"04","3904",ศรีบุญเรือง,Si Bun Rueang,2024-10-25 00:52:08.000,2024-10-25 00:52:08.000
361,28,"05","3905",สุวรรณคูหา,Suwannakhuha,2024-10-25 00:52:08.000,2024-10-25 00:52:08.000
362,28,"06","3906",นาวัง,Na Wang,2024-10-25 00:52:08.000,2024-10-25 00:52:08.000
363,29,"01","4001",เมืองขอนแก่น,Mueang Khon Kaen,2024-10-25 00:52:08.000,2024-10-25 00:52:08.000
364,29,"02","4002",บ้านฝาง,Ban Fang,2024-10-25 00:52:08.000,2024-10-25 00:52:08.000
365,29,"03","4003",พระยืน,Phra Yuen,2024-10-25 00:52:08.000,2024-10-25 00:52:08.000
366,29,"04","4004",หนองเรือ,Nong Ruea,2024-10-25 00:52:08.000,2024-10-25 00:52:08.000
367,29,"05","4005",ชุมแพ,Chum Phae,2024-10-25 00:52:08.000,2024-10-25 00:52:08.000
368,29,"06","4006",สีชมพู,Si Chomphu,2024-10-25 00:52:08.000,2024-10-25 00:52:08.000
369,29,"07","4007",น้ำพอง,Nam Phong,2024-10-25 00:52:08.000,2024-10-25 00:52:08.000
370,29,"08","4008",อุบลรัตน์,Ubolratana,2024-10-25 00:52:08.000,2024-10-25 00:52:08.000
371,29,"09","4009",กระนวน,Kranuan,2024-10-25 00:52:08.000,2024-10-25 00:52:08.000
372,29,"10","4010",บ้านไผ่,Ban Phai,2024-10-25 00:52:08.000,2024-10-25 00:52:08.000
373,29,"11","4011",เปือยน้อย,Pueai Noi,2024-10-25 00:52:08.000,2024-10-25 00:52:08.000
374,29,"12","4012",พล,Phon,2024-10-25 00:52:08.000,2024-10-25 00:52:08.000
375,29,"13","4013",แวงใหญ่,Waeng Yai,2024-10-25 00:52:08.000,2024-10-25 00:52:08.000
376,29,"14","4014",แวงน้อย,Waeng Noi,2024-10-25 00:52:08.000,2024-10-25 00:52:08.000
377,29,"15","4015",หนองสองห้อง,Nong Song Hong,2024-10-25 00:52:08.000,2024-10-25 00:52:08.000
378,29,"16","4016",ภูเวียง,Phu Wiang,2024-10-25 00:52:08.000,2024-10-25 00:52:08.000
379,29,"17","4017",มัญจาคีรี,Mancha Khiri,2024-10-25 00:52:08.000,2024-10-25 00:52:08.000
380,29,"18","4018",ชนบท,Chonnabot,2024-10-25 00:52:08.000,2024-10-25 00:52:08.000
381,29,"19","4019",เขาสวนกวาง,Khao Suan Kwang,2024-10-25 00:52:08.000,2024-10-25 00:52:08.000
382,29,"20","4020",ภูผาม่าน,Phu Pha Man,2024-10-25 00:52:08.000,2024-10-25 00:52:08.000
383,29,"21","4021",ซำสูง,Sam Sung,2024-10-25 00:52:08.000,2024-10-25 00:52:08.000
384,29,"22","4022",โคกโพธิ์ไชย,Khok Pho Chai,2024-10-25 00:52:08.000,2024-10-25 00:52:08.000
385,29,"23","4023",หนองนาคำ,Nong Na Kham,2024-10-25 00:52:08.000,2024-10-25 00:52:08.000
386,29,"24","4024",บ้านแฮด,Ban Haet,2024-10-25 00:52:08.000,2024-10-25 00:52:08.000
387,29,"25","4025",โนนศิลา,Non Sila,2024-10-25 00:52:08.000,2024-10-25 00:52:08.000
388,29,"29","4029",เวียงเก่า,Wiang Kao,2024-10-25 00:52:08.000,2024-10-25 00:52:08.000
389,30,"01","4101",เมืองอุดรธานี,Mueang Udon Thani,2024-10-25 00:52:08.000,2024-10-25 00:52:08.000
390,30,"02","4102",กุดจับ,Kut Chap,2024-10-25 00:52:08.000,2024-10-25 00:52:08.000
391,30,"03","4103",หนองวัวซอ,Nong Wua So,2024-10-25 00:52:08.000,2024-10-25 00:52:08.000
392,30,"04","4104",กุมภวาปี,Kumphawapi,2024-10-25 00:52:08.000,2024-10-25 00:52:08.000
393,30,"05","4105",โนนสะอาด,Non Sa-at,2024-10-25 00:52:08.000,2024-10-25 00:52:08.000
394,30,"06","4106",หนองหาน,Nong Han,2024-10-25 00:52:08.000,2024-10-25 00:52:08.000
395,30,"07","4107",ทุ่งฝน,Thung Fon,2024-10-25 00:52:08.000,2024-10-25 00:52:08.000
396,30,"08","4108",ไชยวาน,Chai Wan,2024-10-25 00:52:08.000,2024-10-25 00:52:08.000
397,30,"09","4109",ศรีธาตุ,Si That,2024-10-25 00:52:08.000,2024-10-25 00:52:08.000
398,30,"10","4110",วังสามหมอ,Wang Sam Mo,2024-10-25 00:52:08.000,2024-10-25 00:52:08.000
399,30,"11","4111",บ้านดุง,Ban Dung,2024-10-25 00:52:08.000,2024-10-25 00:52:08.000
400,30,"17","4117",บ้านผือ,Ban Phue,2024-10-25 00:52:08.000,2024-10-25 00:52:08.000
401,30,"18","4118",น้ำโสม,Nam Som,2024-10-25 00:52:08.000,2024-10-25 00:52:08.000
402,30,"19","4119",เพ็ญ,Phen,2024-10-25 00:52:08.000,2024-10-25 00:52:08.000
403,30,"20","4120",สร้างคอม,Sang Khom,2024-10-25 00:52:08.000,2024-10-25 00:52:08.000
404,30,"21","4121",หนองแสง,Nong Saeng,2024-10-25 00:52:08.000,2024-10-25 00:52:08.000
405,30,"22","4122",นายูง,Na Yung,2024-10-25 00:52:08.000,2024-10-25 00:52:08.000
406,30,"23","4123",พิบูลย์รักษ์,Phibun Rak,2024-10-25 00:52:08.000,2024-10-25 00:52:08.000
407,30,"24","4124",กู่แก้ว,Ku Kaeo,2024-10-25 00:52:08.000,2024-10-25 00:52:08.000
408,30,"25","4125",ประจักษ์ศิลปาคม,Prachak Sinlapakhom,2024-10-25 00:52:08.000,2024-10-25 00:52:08.000
409,31,"01","4201",เมืองเลย,Mueang Loei,2024-10-25 00:52:08.000,2024-10-25 00:52:08.000
410,31,"02","4202",นาด้วง,Na Duang,2024-10-25 00:52:08.000,2024-10-25 00:52:08.000
411,31,"03","4203",เชียงคาน,Chiang Khan,2024-10-25 00:52:08.000,2024-10-25 00:52:08.000
412,31,"04","4204",ปากชม,Pak Chom,2024-10-25 00:52:08.000,2024-10-25 00:52:08.000
413,31,"05","4205",ด่านซ้าย,Dan Sai,2024-10-25 00:52:08.000,2024-10-25 00:52:08.000
414,31,"06","4206",นาแห้ว,Na Haeo,2024-10-25 00:52:08.000,2024-10-25 00:52:08.000
415,31,"07","4207",ภูเรือ,Phu Ruea,2024-10-25 00:52:08.000,2024-10-25 00:52:08.000
416,31,"08","4208",ท่าลี่,Tha Li,2024-10-25 00:52:08.000,2024-10-25 00:52:08.000
417,31,"09","4209",วังสะพุง,Wang Saphung,2024-10-25 00:52:08.000,2024-10-25 00:52:08.000
418,31,"10","4210",ภูกระดึง,Phu Kradueng,2024-10-25 00:52:08.000,2024-10-25 00:52:08.000
419,31,"11","4211",ภูหลวง,Phu Luang,2024-10-25 00:52:08.000,2024-10-25 00:52:08.000
420,31,"12","4212",ผาขาว,Pha Khao,2024-10-25 00:52:08.000,2024-10-25 00:52:08.000
421,31,"13","4213",เอราวัณ,Erawan,2024-10-25 00:52:08.000,2024-10-25 00:52:08.000
422,31,"14","4214",หนองหิน,Nong Hin,2024-10-25 00:52:08.000,2024-10-25 00:52:08.000
423,32,"01","4301",เมืองหนองคาย,Mueang Nong Khai,2024-10-25 00:52:08.000,2024-10-25 00:52:08.000
424,32,"02","4302",ท่าบ่อ,Tha Bo,2024-10-25 00:52:08.000,2024-10-25 00:52:08.000
425,32,"05","4305",โพนพิสัย,Phon Phisai,2024-10-25 00:52:08.000,2024-10-25 00:52:08.000
426,32,"07","4307",ศรีเชียงใหม่,Si Chiang Mai,2024-10-25 00:52:08.000,2024-10-25 00:52:08.000
427,32,"08","4308",สังคม,Sangkhom,2024-10-25 00:52:08.000,2024-10-25 00:52:08.000
428,32,"14","4314",สระใคร,Sakhrai,2024-10-25 00:52:08.000,2024-10-25 00:52:08.000
429,32,"15","4315",เฝ้าไร่,Fao Rai,2024-10-25 00:52:08.000,2024-10-25 00:52:08.000
430,32,"16","4316",รัตนวาปี,Rattanawapi,2024-10-25 00:52:08.000,2024-10-25 00:52:08.000
431,32,"17","4317",โพธิ์ตาก,Pho Tak,2024-10-25 00:52:08.000,2024-10-25 00:52:08.000
432,33,"01","4401",เมืองมหาสารคาม,Mueang Maha Sarakham,2024-10-25 00:52:08.000,2024-10-25 00:52:08.000
433,33,"02","4402",แกดำ,Kae Dam,2024-10-25 00:52:08.000,2024-10-25 00:52:08.000
434,33,"03","4403",โกสุมพิสัย,Kosum Phisai,2024-10-25 00:52:08.000,2024-10-25 00:52:08.000
435,33,"04","4404",กันทรวิชัย,Kantharawichai,2024-10-25 00:52:08.000,2024-10-25 00:52:08.000
436,33,"05","4405",เชียงยืน,Chiang Yuen,2024-10-25 00:52:08.000,2024-10-25 00:52:08.000
437,33,"06","4406",บรบือ,Borabue,2024-10-25 00:52:08.000,2024-10-25 00:52:08.000
438,33,"07","4407",นาเชือก,Na Chueak,2024-10-25 00:52:08.000,2024-10-25 00:52:08.000
439,33,"08","4408",พยัคฆภูมิพิสัย,Phayakkhaphum Phisai,2024-10-25 00:52:08.000,2024-10-25 00:52:08.000
440,33,"09","4409",วาปีปทุม,Wapi Pathum,2024-10-25 00:52:08.000,2024-10-25 00:52:08.000
441,33,"10","4410",นาดูน,Na Dun,2024-10-25 00:52:08.000,2024-10-25 00:52:08.000
442,33,"11","4411",ยางสีสุราช,Yang Si Surat,2024-10-25 00:52:08.000,2024-10-25 00:52:08.000
443,33,"12","4412",กุดรัง,Kut Rang,2024-10-25 00:52:08.000,2024-10-25 00:52:08.000
444,33,"13","4413",ชื่นชม,Chuen Chom,2024-10-25 00:52:08.000,2024-10-25 00:52:08.000
445,34,"01","4501",เมืองร้อยเอ็ด,Mueang Roi Et,2024-10-25 00:52:08.000,2024-10-25 00:52:08.000
446,34,"02","4502",เกษตรวิสัย,Kaset Wisai,2024-10-25 00:52:08.000,2024-10-25 00:52:08.000
447,34,"03","4503",ปทุมรัตต์,Pathum Rat,2024-10-25 00:52:08.000,2024-10-25 00:52:08.000
448,34,"04","4504",จตุรพักตรพิมาน,Chaturaphak Phiman,2024-10-25 00:52:08.000,2024-10-25 00:52:08.000
449,34,"05","4505",ธวัชบุรี,Thawat Buri,2024-10-25 00:52:08.000,2024-10-25 00:52:08.000
450,34,"06","4506",พนมไพร,Phanom Phrai,2024-10-25 00:52:08.000,2024-10-25 00:52:08.000
451,34,"07","4507",โพนทอง,Phon Thong,2024-10-25 00:52:08.000,2024-10-25 00:52:08.000
452,34,"08","4508",โพธิ์ชัย,Pho Chai,2024-10-25 00:52:08.000,2024-10-25 00:52:08.000
453,34,"09","4509",หนองพอก,Nong Phok,2024-10-25 00:52:08.000,2024-10-25 00:52:08.000
454,34,"10","4510",เสลภูมิ,Selaphum,2024-10-25 00:52:08.000,2024-10-25 00:52:08.000
455,34,"11","4511",สุวรรณภูมิ,Suwannaphum,2024-10-25 00:52:08.000,2024-10-25 00:52:08.000
456,34,"12","4512",เมืองสรวง,Mueang Suang,2024-10-25 00:52:08.000,2024-10-25 00:52:08.000
457,34,"13","4513",โพนทราย,Phon Sai,2024-10-25 00:52:08.000,2024-10-25 00:52:08.000
458,34,"14","4514",อาจสามารถ,At Samat,2024-10-25 00:52:08.000,2024-10-25 00:52:08.000
459,34,"15","4515",เมยวดี,Moei Wadi,2024-10-25 00:52:08.000,2024-10-25 00:52:08.000
460,34,"16","4516",ศรีสมเด็จ,Si Somdet,2024-10-25 00:52:08.000,2024-10-25 00:52:08.000
461,34,"17","4517",จังหาร,Changhan,2024-10-25 00:52:08.000,2024-10-25 00:52:08.000
462,34,"18","4518",เชียงขวัญ,Chiang Khwan,2024-10-25 00:52:08.000,2024-10-25 00:52:08.000
463,34,"19","4519",หนองฮี,Nong Hi,2024-10-25 00:52:08.000,2024-10-25 00:52:08.000
464,34,"20","4520",ทุ่งเขาหลวง,Thung Khao Luang,2024-10-25 00:52:08.000,2024-10-25 00:52:08.000
465,35,"01","4601",เมืองกาฬสินธุ์,Mueang Kalasin,2024-10-25 00:52:08.000,2024-10-25 00:52:08.000
466,35,"02","4602",นามน,Na Mon,2024-10-25 00:52:08.000,2024-10-25 00:52:08.000
467,35,"03","4603",กมลาไสย,Kamalasai,2024-10-25 00:52:08.000,2024-10-25 00:52:08.000
468,35,"04","4604",ร่องคำ,Rong Kham,2024-10-25 00:52:08.000,2024-10-25 00:52:08.000
469,35,"05","4605",กุฉินารายณ์,Kuchinarai,2024-10-25 00:52:08.000,2024-10-25 00:52:08.000
470,35,"06","4606",เขาวง,Khao Wong,2024-10-25 00:52:08.000,2024-10-25 00:52:08.000
471,35,"07","4607",ยางตลาด,Yang Talat,2024-10-25 00:52:08.000,2024-10-25 00:52:08.000
472,35,"08","4608",ห้วยเม็ก,Huai Mek,2024-10-25 00:52:08.000,2024-10-25 00:52:08.000
473,35,"09","4609",สหัสขันธ์,Sahatsakhan,2024-10-25 00:52:08.000,2024-10-25 00:52:08.000
474,35,"10","4610",คำม่วง,Kham Muang,2024-10-25 00:52:08.000,2024-10-25 00:52:08.000
475,35,"11","4611",ท่าคันโท,Tha Khantho,2024-10-25 00:52:08.000,2024-10-25 00:52:08.000
476,35,"12","4612",หนองกุงศรี,Nong Kung Si,2024-10-25 00:52:08.000,2024-10-25 00:52:08.000
477,35,"13","4613",สมเด็จ,Somdet,2024-10-25 00:52:08.000,2024-10-25 00:52:08.000
478,35,"14","4614",ห้วยผึ้ง,Huai Phueng,2024-10-25 00:52:08.000,2024-10-25 00:52:08.000
479,35,"15","4615",สามชัย,Sam Chai,2024-10-25 00:52:08.000,2024-10-25 00:52:08.000
480,35,"16","4616",นาคู,Na Khu,2024-10-25 00:52:08.000,2024-10-25 00:52:08.000
481,35,"17","4617",ดอนจาน,Don Chan,2024-10-25 00:52:08.000,2024-10-25 00:52:08.000
482,35,"18","4618",ฆ้องชัย,Khong Chai,2024-10-25 00:52:08.000,2024-10-25 00:52:08.000
483,36,"01","4701",เมืองสกลนคร,Mueang Sakon Nakhon,2024-10-25 00:52:08.000,2024-10-25 00:52:08.000
484,36,"02","4702",กุสุมาลย์,Kusuman,2024-10-25 00:52:08.000,2024-10-25 00:52:08.000
485,36,"03","4703",กุดบาก,Kut Bak,2024-10-25 00:52:08.000,2024-10-25 00:52:08.000
486,36,"04","4704",พรรณานิคม,Phanna Nikhom,2024-10-25 00:52:08.000,2024-10-25 00:52:08.000
487,36,"05","4705",พังโคน,Phang Khon,2024-10-25 00:52:08.000,2024-10-25 00:52:08.000
488,36,"06","4706",วาริชภูมิ,Waritchaphum,2024-10-25 00:52:08.000,2024-10-25 00:52:08.000
489,36,"07","4707",นิคมน้ำอูน,Nikhom Nam Un,2024-10-25 00:52:08.000,2024-10-25 00:52:08.000
490,36,"08","4708",วานรนิวาส,Wanon Niwat,2024-10-25 00:52:08.000,2024-10-25 00:52:08.000
491,36,"09","4709",คำตากล้า,Kham Ta Kla,2024-10-25 00:52:08.000,2024-10-25 00:52:08.000
492,36,"10","4710",บ้านม่วง,Ban Muang,2024-10-25 00:52:08.000,2024-10-25 00:52:08.000
493,36,"11","4711",อากาศอำนวย,Akat Amnuai,2024-10-25 00:52:08.000,2024-10-25 00:52:08.000
494,36,"12","4712",สว่างแดนดิน,Sawang Daen Din,2024-10-25 00:52:08.000,2024-10-25 00:52:08.000
495,36,"13","4713",ส่องดาว,Song Dao,2024-10-25 00:52:08.000,2024-10-25 00:52:08.000
496,36,"14","4714",เต่างอย,Tao Ngoi,2024-10-25 00:52:08.000,2024-10-25 00:52:08.000
497,36,"15","4715",โคกศรีสุพรรณ,Khok Si Suphan,2024-10-25 00:52:08.000,2024-10-25 00:52:08.000
498,36,"16","4716",เจริญศิลป์,Charoen Sin,2024-10-25 00:52:08.000,2024-10-25 00:52:08.000
499,36,"17","4717",โพนนาแก้ว,Phon Na Kaeo,2024-10-25 00:52:08.000,2024-10-25 00:52:08.000
500,36,"18","4718",ภูพาน,Phu Phan,2024-10-25 00:52:08.000,2024-10-25 00:52:08.000
501,37,"01","4801",เมืองนครพนม,Mueang Nakhon Phanom,2024-10-25 00:52:08.000,2024-10-25 00:52:08.000
502,37,"02","4802",ปลาปาก,Pla Pak,2024-10-25 00:52:08.000,2024-10-25 00:52:08.000
503,37,"03","4803",ท่าอุเทน,Tha Uthen,2024-10-25 00:52:08.000,2024-10-25 00:52:08.000
504,37,"04","4804",บ้านแพง,Ban Phaeng,2024-10-25 00:52:08.000,2024-10-25 00:52:08.000
505,37,"05","4805",ธาตุพนม,That Phanom,2024-10-25 00:52:08.000,2024-10-25 00:52:08.000
506,37,"06","4806",เรณูนคร,Renu Nakhon,2024-10-25 00:52:08.000,2024-10-25 00:52:08.000
507,37,"07","4807",นาแก,Na Kae,2024-10-25 00:52:08.000,2024-10-25 00:52:08.000
508,37,"08","4808",ศรีสงคราม,Si Songkhram,2024-10-25 00:52:08.000,2024-10-25 00:52:08.000
509,37,"09","4809",นาหว้า,Na Wa,2024-10-25 00:52:08.000,2024-10-25 00:52:08.000
510,37,"10","4810",โพนสวรรค์,Phon Sawan,2024-10-25 00:52:08.000,2024-10-25 00:52:08.000
511,37,"11","4811",นาทม,Na Thom,2024-10-25 00:52:08.000,2024-10-25 00:52:08.000
512,37,"12","4812",วังยาง,Wang Yang,2024-10-25 00:52:08.000,2024-10-25 00:52:08.000
513,38,"01","4901",เมืองมุกดาหาร,Mueang Mukdahan,2024-10-25 00:52:08.000,2024-10-25 00:52:08.000
514,38,"02","4902",นิคมคำสร้อย,Nikhom Kham Soi,2024-10-25 00:52:08.000,2024-10-25 00:52:08.000
515,38,"03","4903",ดอนตาล,Don Tan,2024-10-25 00:52:08.000,2024-10-25 00:52:08.000
516,38,"04","4904",ดงหลวง,Dong Luang,2024-10-25 00:52:08.000,2024-10-25 00:52:08.000
517,38,"05","4905",คำชะอี,Khamcha-i,2024-10-25 00:52:08.000,2024-10-25 00:52:08.000
518,38,"06","4906",หว้านใหญ่,Wan Yai,2024-10-25 00:52:08.000,2024-10-25 00:52:08.000
519,38,"07","4907",หนองสูง,Nong Sung,2024-10-25 00:52:08.000,2024-10-25 00:52:08.000
520,39,"01","5001",เมืองเชียงใหม่,Mueang Chiang Mai,2024-10-25 00:52:08.000,2024-10-25 00:52:08.000
521,39,"02","5002",จอมทอง,Chom Thong,2024-10-25 00:52:08.000,2024-10-25 00:52:08.000
522,39,"03","5003",แม่แจ่ม,Mae Chaem,2024-10-25 00:52:08.000,2024-10-25 00:52:08.000
523,39,"04","5004",เชียงดาว,Chiang Dao,2024-10-25 00:52:08.000,2024-10-25 00:52:08.000
524,39,"05","5005",ดอยสะเก็ด,Doi Saket,2024-10-25 00:52:08.000,2024-10-25 00:52:08.000
525,39,"06","5006",แม่แตง,Mae Taeng,2024-10-25 00:52:08.000,2024-10-25 00:52:08.000
526,39,"07","5007",แม่ริม,Mae Rim,2024-10-25 00:52:08.000,2024-10-25 00:52:08.000
527,39,"08","5008",สะเมิง,Samoeng,2024-10-25 00:52:08.000,2024-10-25 00:52:08.000
528,39,"09","5009",ฝาง,Fang,2024-10-25 00:52:08.000,2024-10-25 00:52:08.000
529,39,"10","5010",แม่อาย,Mae Ai,2024-10-25 00:52:08.000,2024-10-25 00:52:08.000
530,39,"11","5011",พร้าว,Phrao,2024-10-25 00:52:08.000,2024-10-25 00:52:08.000
531,39,"12","5012",สันป่าตอง,San Pa Tong,2024-10-25 00:52:08.000,2024-10-25 00:52:08.000
532,39,"13","5013",สันกำแพง,San Kamphaeng,2024-10-25 00:52:08.000,2024-10-25 00:52:08.000
533,39,"14","5014",สันทราย,San Sai,2024-10-25 00:52:08.000,2024-10-25 00:52:08.000
534,39,"15","5015",หางดง,Hang Dong,2024-10-25 00:52:08.000,2024-10-25 00:52:08.000
535,39,"16","5016",ฮอด,Hot,2024-10-25 00:52:08.000,2024-10-25 00:52:08.000
536,39,"17","5017",ดอยเต่า,Doi Tao,2024-10-25 00:52:08.000,2024-10-25 00:52:08.000
537,39,"18","5018",อมก๋อย,Omkoi,2024-10-25 00:52:08.000,2024-10-25 00:52:08.000
538,39,"19","5019",สารภี,Saraphi,2024-10-25 00:52:08.000,2024-10-25 00:52:08.000
539,39,"20","5020",เวียงแหง,Wiang Haeng,2024-10-25 00:52:08.000,2024-10-25 00:52:08.000
540,39,"21","5021",ไชยปราการ,Chai Prakan,2024-10-25 00:52:08.000,2024-10-25 00:52:08.000
541,39,"22","5022",แม่วาง,Mae Wang,2024-10-25 00:52:08.000,2024-10-25 00:52:08.000
542,39,"23","5023",แม่ออน,Mae On,2024-10-25 00:52:08.000,2024-10-25 00:52:08.000
543,39,"24","5024",ดอยหล่อ,Doi Lo,2024-10-25 00:52:08.000,2024-10-25 00:52:08.000
544,39,"25","5025",กัลยาณิวัฒนา,Galayani Vadhana,2024-10-25 00:52:08.000,2024-10-25 00:52:08.000
545,40,"01","5101",เมืองลำพูน,Mueang Lamphun,2024-10-25 00:52:08.000,2024-10-25 00:52:08.000
546,40,"02","5102",แม่ทา,Mae Tha,2024-10-25 00:52:08.000,2024-10-25 00:52:08.000
547,40,"03","5103",บ้านโฮ่ง,Ban Hong,2024-10-25 00:52:08.000,2024-10-25 00:52:08.000
548,40,"04","5104",ลี้,Li,2024-10-25 00:52:08.000,2024-10-25 00:52:08.000
549,40,"05","5105",ทุ่งหัวช้าง,Thung Hua Chang,2024-10-25 00:52:08.000,2024-10-25 00:52:08.000
550,40,"06","5106",ป่าซาง,Pa Sang,2024-10-25 00:52:08.000,2024-10-25 00:52:08.000
551,40,"07","5107",บ้านธิ,Ban Thi,2024-10-25 00:52:08.000,2024-10-25 00:52:08.000
552,40,"08","5108",เวียงหนองล่อง,Wiang Nong Long,2024-10-25 00:52:08.000,2024-10-25 00:52:08.000
553,41,"01","5201",เมืองลำปาง,Mueang Lampang,2024-10-25 00:52:08.000,2024-10-25 00:52:08.000
554,41,"02","5202",แม่เมาะ,Mae Mo,2024-10-25 00:52:08.000,2024-10-25 00:52:08.000
555,41,"03","5203",เกาะคา,Ko Kha,2024-10-25 00:52:08.000,2024-10-25 00:52:08.000
556,41,"04","5204",เสริมงาม,Soem Ngam,2024-10-25 00:52:08.000,2024-10-25 00:52:08.000
557,41,"05","5205",งาว,Ngao,2024-10-25 00:52:08.000,2024-10-25 00:52:08.000
558,41,"06","5206",แจ้ห่ม,Chae Hom,2024-10-25 00:52:08.000,2024-10-25 00:52:08.000
559,41,"07","5207",วังเหนือ,Wang Nuea,2024-10-25 00:52:08.000,2024-10-25 00:52:08.000
560,41,"08","5208",เถิน,Thoen,2024-10-25 00:52:08.000,2024-10-25 00:52:08.000
561,41,"09","5209",แม่พริก,Mae Phrik,2024-10-25 00:52:08.000,2024-10-25 00:52:08.000
562,41,"10","5210",แม่ทะ,Mae Tha,2024-10-25 00:52:08.000,2024-10-25 00:52:08.000
563,41,"11","5211",สบปราบ,Sop Prap,2024-10-25 00:52:08.000,2024-10-25 00:52:08.000
564,41,"12","5212",ห้างฉัตร,Hang Chat,2024-10-25 00:52:08.000,2024-10-25 00:52:08.000
565,41,"13","5213",เมืองปาน,Mueang Pan,2024-10-25 00:52:08.000,2024-10-25 00:52:08.000
566,42,"01","5301",เมืองอุตรดิตถ์,Mueang Uttaradit,2024-10-25 00:52:08.000,2024-10-25 00:52:08.000
567,42,"02","5302",ตรอน,Tron,2024-10-25 00:52:08.000,2024-10-25 00:52:08.000
568,42,"03","5303",ท่าปลา,Tha Pla,2024-10-25 00:52:08.000,2024-10-25 00:52:08.000
569,42,"04","5304",น้ำปาด,Nam Pat,2024-10-25 00:52:08.000,2024-10-25 00:52:08.000
570,42,"05","5305",ฟากท่า,Fak Tha,2024-10-25 00:52:08.000,2024-10-25 00:52:08.000
571,42,"06","5306",บ้านโคก,Ban Khok,2024-10-25 00:52:08.000,2024-10-25 00:52:08.000
572,42,"07","5307",พิชัย,Phichai,2024-10-25 00:52:08.000,2024-10-25 00:52:08.000
573,42,"08","5308",ลับแล,Laplae,2024-10-25 00:52:08.000,2024-10-25 00:52:08.000
574,42,"09","5309",ทองแสนขัน,Thong Saen Khan,2024-10-25 00:52:08.000,2024-10-25 00:52:08.000
575,43,"01","5401",เมืองแพร่,Mueang Phrae,2024-10-25 00:52:08.000,2024-10-25 00:52:08.000
576,43,"02","5402",ร้องกวาง,Rong Kwang,2024-10-25 00:52:08.000,2024-10-25 00:52:08.000
577,43,"03","5403",ลอง,Long,2024-10-25 00:52:08.000,2024-10-25 00:52:08.000
578,43,"04","5404",สูงเม่น,Sung Men,2024-10-25 00:52:08.000,2024-10-25 00:52:08.000
579,43,"05","5405",เด่นชัย,Den Chai,2024-10-25 00:52:08.000,2024-10-25 00:52:08.000
580,43,"06","5406",สอง,Song,2024-10-25 00:52:08.000,2024-10-25 00:52:08.000
581,43,"07","5407",วังชิ้น,Wang Chin,2024-10-25 00:52:08.000,2024-10-25 00:52:08.000
582,43,"08","5408",หนองม่วงไข่,Nong Muang Khai,2024-10-25 00:52:08.000,2024-10-25 00:52:08.000
583,44,"01","5501",เมืองน่าน,Mueang Nan,2024-10-25 00:52:08.000,2024-10-25 00:52:08.000
584,44,"02","5502",แม่จริม,Mae Charim,2024-10-25 00:52:08.000,2024-10-25 00:52:08.000
585,44,"03","5503",บ้านหลวง,Ban Luang,2024-10-25 00:52:08.000,2024-10-25 00:52:08.000
586,44,"04","5504",นาน้อย,Na Noi,2024-10-25 00:52:08.000,2024-10-25 00:52:08.000
587,44,"05","5505",ปัว,Pua,2024-10-25 00:52:08.000,2024-10-25 00:52:08.000
588,44,"06","5506",ท่าวังผา,Tha Wang Pha,2024-10-25 00:52:08.000,2024-10-25 00:52:08.000
589,44,"07","5507",เวียงสา,Wiang Sa,2024-10-25 00:52:08.000,2024-10-25 00:52:08.000
590,44,"08","5508",ทุ่งช้าง,Thung Chang,2024-10-25 00:52:08.000,2024-10-25 00:52:08.000
591,44,"09","5509",เชียงกลาง,Chiang Klang,2024-10-25 00:52:08.000,2024-10-25 00:52:08.000
592,44,"10","5510",นาหมื่น,Na Muen,2024-10-25 00:52:08.000,2024-10-25 00:52:08.000
593,44,"11","5511",สันติสุข,Santi Suk,2024-10-25 00:52:08.000,2024-10-25 00:52:08.000
594,44,"12","5512",บ่อเกลือ,Bo Kluea,2024-10-25 00:52:08.000,2024-10-25 00:52:08.000
595,44,"13","5513",สองแคว,Song Khwae,2024-10-25 00:52:08.000,2024-10-25 00:52:08.000
596,44,"14","5514",ภูเพียง,Phu Phiang,2024-10-25 00:52:08.000,2024-10-25 00:52:08.000
597,44,"15","5515",เฉลิมพระเกียรติ,Chaloem Phra Kiat,2024-10-25 00:52:08.000,2024-10-25 00:52:08.000
598,45,"01","5601",เมืองพะเยา,Mueang Phayao,2024-10-25 00:52:08.000,2024-10-25 00:52:08.000
599,45,"02","5602",จุน,Chun,2024-10-25 00:52:08.000,2024-10-25 00:52:08.000
600,45,"03","5603",เชียงคำ,Chiang Kham,2024-10-25 00:52:08.000,2024-10-25 00:52:08.000
601,45,"04","5604",เชียงม่วน,Chiang Muan,2024-10-25 00:52:08.000,2024-10-25 00:52:08.000
602,45,"05","5605",ดอกคำใต้,Dok Khamtai,2024-10-25 00:52:08.000,2024-10-25 00:52:08.000
603,45,"06","5606",ปง,Pong,2024-10-25 00:52:08.000,2024-10-25 00:52:08.000
604,45,"07","5607",แม่ใจ,Mae Chai,2024-10-25 00:52:08.000,2024-10-25 00:52:08.000
605,45,"08","5608",ภูซาง,Phu Sang,2024-10-25 00:52:08.000,2024-10-25 00:52:08.000
606,45,"09","5609",ภูกามยาว,Phu Kamyao,2024-10-25 00:52:08.000,2024-10-25 00:52:08.000
607,46,"01","5701",เมืองเชียงราย,Mueang Chiang Rai,2024-10-25 00:52:08.000,2024-10-25 00:52:08.000
608,46,"02","5702",เวียงชัย,Wiang Chai,2024-10-25 00:52:08.000,2024-10-25 00:52:08.000
609,46,"03","5703",เชียงของ,Chiang Khong,2024-10-25 00:52:08.000,2024-10-25 00:52:08.000
610,46,"04","5704",เทิง,Thoeng,2024-10-25 00:52:08.000,2024-10-25 00:52:08.000
611,46,"05","5705",พาน,Phan,2024-10-25 00:52:08.000,2024-10-25 00:52:08.000
612,46,"06","5706",ป่าแดด,Pa Daet,2024-10-25 00:52:08.000,2024-10-25 00:52:08.000
613,46,"07","5707",แม่จัน,Mae Chan,2024-10-25 00:52:08.000,2024-10-25 00:52:08.000
614,46,"08","5708",เชียงแสน,Chiang Saen,2024-10-25 00:52:08.000,2024-10-25 00:52:08.000
615,46,"09","5709",แม่สาย,Mae Sai,2024-10-25 00:52:08.000,2024-10-25 00:52:08.000
616,46,"10","5710",แม่สรวย,Mae Suai,2024-10-25 00:52:08.000,2024-10-25 00:52:08.000
617,46,"11","5711",เวียงป่าเป้า,Wiang Pa Pao,2024-10-25 00:52:08.000,2024-10-25 00:52:08.000
618,46,"12","5712",พญาเม็งราย,Phaya Mengrai,2024-10-25 00:52:08.000,2024-10-25 00:52:08.000
619,46,"13","5713",เวียงแก่น,Wiang Kaen,2024-10-25 00:52:08.000,2024-10-25 00:52:08.000
620,46,"14","5714",ขุนตาล,Khun Tan,2024-10-25 00:52:08.000,2024-10-25 00:52:08.000
621,46,"15","5715",แม่ฟ้าหลวง,Mae Fa Luang,2024-10-25 00:52:08.000,2024-10-25 00:52:08.000
622,46,"16","5716",แม่ลาว,Mae Lao,2024-10-25 00:52:08.000,2024-10-25 00:52:08.000
623,46,"17","5717",เวียงเชียงรุ้ง,Wiang Chiang Rung,2024-10-25 00:52:08.000,2024-10-25 00:52:08.000
624,46,"18","5718",ดอยหลวง,Doi Luang,2024-10-25 00:52:08.000,2024-10-25 00:52:08.000
625,47,"01","5801",เมืองแม่ฮ่องสอน,Mueang Mae Hong Son,2024-10-25 00:52:08.000,2024-10-25 00:52:08.000
626,47,"02","5802",ขุนยวม,Khun Yuam,2024-10-25 00:52:08.000,2024-10-25 00:52:08.000
627,47,"03","5803",ปาย,Pai,2024-10-25 00:52:08.000,2024-10-25 00:52:08.000
628,47,"04","5804",แม่สะเรียง,Mae Sariang,2024-10-25 00:52:08.000,2024-10-25 00:52:08.000
629,47,"05","5805",แม่ลาน้อย,Mae La Noi,2024-10-25 00:52:08.000,2024-10-25 00:52:08.000
630,47,"06","5806",สบเมย,Sop Moei,2024-10-25 00:52:08.000,2024-10-25 00:52:08.000
631,47,"07","5807",ปางมะผ้า,Pang Mapha,2024-10-25 00:52:08.000,2024-10-25 00:52:08.000
632,48,"01","6001",เมืองนครสวรรค์,Mueang Nakhon Sawan,2024-10-25 00:52:08.000,2024-10-25 00:52:08.000
633,48,"02","6002",โกรกพระ,Krok Phra,2024-10-25 00:52:08.000,2024-10-25 00:52:08.000
634,48,"03","6003",ชุมแสง,Chum Saeng,2024-10-25 00:52:08.000,2024-10-25 00:52:08.000
635,48,"04","6004",หนองบัว,Nong Bua,2024-10-25 00:52:08.000,2024-10-25 00:52:08.000
636,48,"05","6005",บรรพตพิสัย,Banphot Phisai,2024-10-25 00:52:08.000,2024-10-25 00:52:08.000
637,48,"06","6006",เก้าเลี้ยว,Kao Liao,2024-10-25 00:52:08.000,2024-10-25 00:52:08.000
638,48,"07","6007",ตาคลี,Takhli,2024-10-25 00:52:08.000,2024-10-25 00:52:08.000
639,48,"08","6008",ท่าตะโก,Tha Tako,2024-10-25 00:52:08.000,2024-10-25 00:52:08.000
640,48,"09","6009",ไพศาลี,Phaisali,2024-10-25 00:52:08.000,2024-10-25 00:52:08.000
641,48,"10","6010",พยุหะคีรี,Phayuha Khiri,2024-10-25 00:52:08.000,2024-10-25 00:52:08.000
642,48,"11","6011",ลาดยาว,Lat Yao,2024-10-25 00:52:08.000,2024-10-25 00:52:08.000
643,48,"12","6012",ตากฟ้า,Tak Fa,2024-10-25 00:52:08.000,2024-10-25 00:52:08.000
644,48,"13","6013",แม่วงก์,Mae Wong,2024-10-25 00:52:08.000,2024-10-25 00:52:08.000
645,48,"14","6014",แม่เปิน,Mae Poen,2024-10-25 00:52:08.000,2024-10-25 00:52:08.000
646,48,"15","6015",ชุมตาบง,Chum Ta Bong,2024-10-25 00:52:08.000,2024-10-25 00:52:08.000
647,49,"01","6101",เมืองอุทัยธานี,Mueang Uthai Thani,2024-10-25 00:52:08.000,2024-10-25 00:52:08.000
648,49,"02","6102",ทัพทัน,Thap Than,2024-10-25 00:52:08.000,2024-10-25 00:52:08.000
649,49,"03","6103",สว่างอารมณ์,Sawang Arom,2024-10-25 00:52:08.000,2024-10-25 00:52:08.000
650,49,"04","6104",หนองฉาง,Nong Chang,2024-10-25 00:52:08.000,2024-10-25 00:52:08.000
651,49,"05","6105",หนองขาหย่าง,Nong Khayang,2024-10-25 00:52:08.000,2024-10-25 00:52:08.000
652,49,"06","6106",บ้านไร่,Ban Rai,2024-10-25 00:52:08.000,2024-10-25 00:52:08.000
653,49,"07","6107",ลานสัก,Lan Sak,2024-10-25 00:52:08.000,2024-10-25 00:52:08.000
654,49,"08","6108",ห้วยคต,Huai Khot,2024-10-25 00:52:08.000,2024-10-25 00:52:08.000
655,50,"01","6201",เมืองกำแพงเพชร,Mueang Kamphaeng Phet,2024-10-25 00:52:08.000,2024-10-25 00:52:08.000
656,50,"02","6202",ไทรงาม,Sai Ngam,2024-10-25 00:52:08.000,2024-10-25 00:52:08.000
657,50,"03","6203",คลองลาน,Khlong Lan,2024-10-25 00:52:08.000,2024-10-25 00:52:08.000
658,50,"04","6204",ขาณุวรลักษบุรี,Khanu Woralaksaburi,2024-10-25 00:52:08.000,2024-10-25 00:52:08.000
659,50,"05","6205",คลองขลุง,Khlong Khlung,2024-10-25 00:52:08.000,2024-10-25 00:52:08.000
660,50,"06","6206",พรานกระต่าย,Phran Kratai,2024-10-25 00:52:08.000,2024-10-25 00:52:08.000
661,50,"07","6207",ลานกระบือ,Lan Krabue,2024-10-25 00:52:08.000,2024-10-25 00:52:08.000
662,50,"08","6208",ทรายทองวัฒนา,Sai Thong Watthana,2024-10-25 00:52:08.000,2024-10-25 00:52:08.000
663,50,"09","6209",ปางศิลาทอง,Pang Sila Thong,2024-10-25 00:52:08.000,2024-10-25 00:52:08.000
664,50,"10","6210",บึงสามัคคี,Bueng Samakkhi,2024-10-25 00:52:08.000,2024-10-25 00:52:08.000
665,50,"11","6211",โกสัมพีนคร,Kosamphi Nakhon,2024-10-25 00:52:08.000,2024-10-25 00:52:08.000
666,51,"01","6301",เมืองตาก,Mueang Tak,2024-10-25 00:52:08.000,2024-10-25 00:52:08.000
667,51,"02","6302",บ้านตาก,Ban Tak,2024-10-25 00:52:08.000,2024-10-25 00:52:08.000
668,51,"03","6303",สามเงา,Sam Ngao,2024-10-25 00:52:08.000,2024-10-25 00:52:08.000
669,51,"04","6304",แม่ระมาด,Mae Ramat,2024-10-25 00:52:08.000,2024-10-25 00:52:08.000
670,51,"05","6305",ท่าสองยาง,Tha Song Yang,2024-10-25 00:52:08.000,2024-10-25 00:52:08.000
671,51,"06","6306",แม่สอด,Mae Sot,2024-10-25 00:52:08.000,2024-10-25 00:52:08.000
672,51,"07","6307",พบพระ,Phop Phra,2024-10-25 00:52:08.000,2024-10-25 00:52:08.000
673,51,"08","6308",อุ้มผาง,Umphang,2024-10-25 00:52:08.000,2024-10-25 00:52:08.000
674,51,"09","6309",วังเจ้า,Wang Chao,2024-10-25 00:52:08.000,2024-10-25 00:52:08.000
675,52,"01","6401",เมืองสุโขทัย,Mueang Sukhothai,2024-10-25 00:52:08.000,2024-10-25 00:52:08.000
676,52,"02","6402",บ้านด่านลานหอย,Ban Dan Lan Hoi,2024-10-25 00:52:08.000,2024-10-25 00:52:08.000
677,52,"03","6403",คีรีมาศ,Khiri Mat,2024-10-25 00:52:08.000,2024-10-25 00:52:08.000
678,52,"04","6404",กงไกรลาศ,Kong Krailat,2024-10-25 00:52:08.000,2024-10-25 00:52:08.000
679,52,"05","6405",ศรีสัชนาลัย,Si Satchanalai,2024-10-25 00:52:08.000,2024-10-25 00:52:08.000
680,52,"06","6406",ศรีสำโรง,Si Samrong,2024-10-25 00:52:08.000,2024-10-25 00:52:08.000
681,52,"07","6407",สวรรคโลก,Sawankhalok,2024-10-25 00:52:08.000,2024-10-25 00:52:08.000
682,52,"08","6408",ศรีนคร,Si Nakhon,2024-10-25 00:52:08.000,2024-10-25 00:52:08.000
683,52,"09","6409",ทุ่งเสลี่ยม,Thung Saliam,2024-10-25 00:52:08.000,2024-10-25 00:52:08.000
684,53,"01","6501",เมืองพิษณุโลก,Mueang Phitsanulok,2024-10-25 00:52:08.000,2024-10-25 00:52:08.000
685,53,"02","6502",นครไทย,Nakhon Thai,2024-10-25 00:52:08.000,2024-10-25 00:52:08.000
686,53,"03","6503",ชาติตระการ,Chat Trakan,2024-10-25 00:52:08.000,2024-10-25 00:52:08.000
687,53,"04","6504",บางระกำ,Bang Rakam,2024-10-25 00:52:08.000,2024-10-25 00:52:08.000
688,53,"05","6505",บางกระทุ่ม,Bang Krathum,2024-10-25 00:52:08.000,2024-10-25 00:52:08.000
689,53,"06","6506",พรหมพิราม,Phrom Phiram,2024-10-25 00:52:08.000,2024-10-25 00:52:08.000
690,53,"07","6507",วัดโบสถ์,Wat Bot,2024-10-25 00:52:08.000,2024-10-25 00:52:08.000
691,53,"08","6508",วังทอง,Wang Thong,2024-10-25 00:52:08.000,2024-10-25 00:52:08.000
692,53,"09","6509",เนินมะปราง,Noen Maprang,2024-10-25 00:52:08.000,2024-10-25 00:52:08.000
693,54,"01","6601",เมืองพิจิตร,Mueang Phichit,2024-10-25 00:52:08.000,2024-10-25 00:52:08.000
694,54,"02","6602",วังทรายพูน,Wang Sai Phun,2024-10-25 00:52:08.000,2024-10-25 00:52:08.000
695,54,"03","6603",โพธิ์ประทับช้าง,Pho Prathap Chang,2024-10-25 00:52:08.000,2024-10-25 00:52:08.000
696,54,"04","6604",ตะพานหิน,Taphan Hin,2024-10-25 00:52:08.000,2024-10-25 00:52:08.000
697,54,"05","6605",บางมูลนาก,Bang Mun Nak,2024-10-25 00:52:08.000,2024-10-25 00:52:08.000
698,54,"06","6606",โพทะเล,Pho Thale,2024-10-25 00:52:08.000,2024-10-25 00:52:08.000
699,54,"07","6607",สามง่าม,Sam Ngam,2024-10-25 00:52:08.000,2024-10-25 00:52:08.000
700,54,"08","6608",ทับคล้อ,Thap Khlo,2024-10-25 00:52:08.000,2024-10-25 00:52:08.000
701,54,"09","6609",สากเหล็ก,Sak Lek,2024-10-25 00:52:08.000,2024-10-25 00:52:08.000
702,54,"10","6610",บึงนาราง,Bueng Na Rang,2024-10-25 00:52:08.000,2024-10-25 00:52:08.000
703,54,"11","6611",ดงเจริญ,Dong Charoen,2024-10-25 00:52:08.000,2024-10-25 00:52:08.000
704,54,"12","6612",วชิรบารมี,Wachirabarami,2024-10-25 00:52:08.000,2024-10-25 00:52:08.000
705,55,"01","6701",เมืองเพชรบูรณ์,Mueang Phetchabun,2024-10-25 00:52:08.000,2024-10-25 00:52:08.000
706,55,"02","6702",ชนแดน,Chon Daen,2024-10-25 00:52:08.000,2024-10-25 00:52:08.000
707,55,"03","6703",หล่มสัก,Lom Sak,2024-10-25 00:52:08.000,2024-10-25 00:52:08.000
708,55,"04","6704",หล่มเก่า,Lom Kao,2024-10-25 00:52:08.000,2024-10-25 00:52:08.000
709,55,"05","6705",วิเชียรบุรี,Wichian Buri,2024-10-25 00:52:08.000,2024-10-25 00:52:08.000
710,55,"06","6706",ศรีเทพ,Si Thep,2024-10-25 00:52:08.000,2024-10-25 00:52:08.000
711,55,"07","6707",หนองไผ่,Nong Phai,2024-10-25 00:52:08.000,2024-10-25 00:52:08.000
712,55,"08","6708",บึงสามพัน,Bueng Sam Phan,2024-10-25 00:52:08.000,2024-10-25 00:52:08.000
713,55,"09","6709",น้ำหนาว,Nam Nao,2024-10-25 00:52:08.000,2024-10-25 00:52:08.000
714,55,"10","6710",วังโป่ง,Wang Pong,2024-10-25 00:52:08.000,2024-10-25 00:52:08.000
715,55,"11","6711",เขาค้อ,Khao Kho,2024-10-25 00:52:08.000,2024-10-25 00:52:08.000
716,56,"01","7001",เมืองราชบุรี,Mueang Ratchaburi,2024-10-25 00:52:08.000,2024-10-25 00:52:08.000
717,56,"02","7002",จอมบึง,Chom Bueng,2024-10-25 00:52:08.000,2024-10-25 00:52:08.000
718,56,"03","7003",สวนผึ้ง,Suan Phueng,2024-10-25 00:52:08.000,2024-10-25 00:52:08.000
719,56,"04","7004",ดำเนินสะดวก,Damnoen Saduak,2024-10-25 00:52:08.000,2024-10-25 00:52:08.000
720,56,"05","7005",บ้านโป่ง,Ban Pong,2024-10-25 00:52:08.000,2024-10-25 00:52:08.000
721,56,"06","7006",บางแพ,Bang Phae,2024-10-25 00:52:08.000,2024-10-25 00:52:08.000
722,56,"07","7007",โพธาราม,Photharam,2024-10-25 00:52:08.000,2024-10-25 00:52:08.000
723,56,"08","7008",ปากท่อ,Pak Tho,2024-10-25 00:52:08.000,2024-10-25 00:52:08.000
724,56,"09","7009",วัดเพลง,Wat Phleng,2024-10-25 00:52:08.000,2024-10-25 00:52:08.000
725,56,"10","7010",บ้านคา,Ban Kha,2024-10-25 00:52:08.000,2024-10-25 00:52:08.000
726,57,"01","7101",เมืองกาญจนบุรี,Mueang Kanchanaburi,2024-10-25 00:52:08.000,2024-10-25 00:52:08.000
727,57,"02","7102",ไทรโยค,Sai Yok,2024-10-25 00:52:08.000,2024-10-25 00:52:08.000
728,57,"03","7103",บ่อพลอย,Bo Phloi,2024-10-25 00:52:08.000,2024-10-25 00:52:08.000
729,57,"04","7104",ศรีสวัสดิ์,Si Sawat,2024-10-25 00:52:08.000,2024-10-25 00:52:08.000
730,57,"05","7105",ท่ามะกา,Tha Maka,2024-10-25 00:52:08.000,2024-10-25 00:52:08.000
731,57,"06","7106",ท่าม่วง,Tha Muang,2024-10-25 00:52:08.000,2024-10-25 00:52:08.000
732,57,"07","7107",ทองผาภูมิ,Thong Pha Phum,2024-10-25 00:52:08.000,2024-10-25 00:52:08.000
733,57,"08","7108",สังขละบุรี,Sangkhla Buri,2024-10-25 00:52:08.000,2024-10-25 00:52:08.000
734,57,"09","7109",พนมทวน,Phanom Thuan,2024-10-25 00:52:08.000,2024-10-25 00:52:08.000
735,57,"10","7110",เลาขวัญ,Lao Khwan,2024-10-25 00:52:08.000,2024-10-25 00:52:08.000
736,57,"11","7111",ด่านมะขามเตี้ย,Dan Makham Tia,2024-10-25 00:52:08.000,2024-10-25 00:52:08.000
737,57,"12","7112",หนองปรือ,Nong Prue,2024-10-25 00:52:08.000,2024-10-25 00:52:08.000
738,57,"13","7113",ห้วยกระเจา,Huai Krachao,2024-10-25 00:52:08.000,2024-10-25 00:52:08.000
739,58,"01","7201",เมืองสุพรรณบุรี,Mueang Suphan Buri,2024-10-25 00:52:08.000,2024-10-25 00:52:08.000
740,58,"02","7202",เดิมบางนางบวช,Doem Bang Nang Buat,2024-10-25 00:52:08.000,2024-10-25 00:52:08.000
741,58,"03","7203",ด่านช้าง,Dan Chang,2024-10-25 00:52:08.000,2024-10-25 00:52:08.000
742,58,"04","7204",บางปลาม้า,Bang Pla Ma,2024-10-25 00:52:08.000,2024-10-25 00:52:08.000
743,58,"05","7205",ศรีประจันต์,Si Prachan,2024-10-25 00:52:08.000,2024-10-25 00:52:08.000
744,58,"06","7206",ดอนเจดีย์,Don Chedi,2024-10-25 00:52:08.000,2024-10-25 00:52:08.000
745,58,"07","7207",สองพี่น้อง,Song Phi Nong,2024-10-25 00:52:08.000,2024-10-25 00:52:08.000
746,58,"08","7208",สามชุก,Sam Chuk,2024-10-25 00:52:08.000,2024-10-25 00:52:08.000
747,58,"09","7209",อู่ทอง,U Thong,2024-10-25 00:52:08.000,2024-10-25 00:52:08.000
748,58,"10","7210",หนองหญ้าไซ,Nong Ya Sai,2024-10-25 00:52:08.000,2024-10-25 00:52:08.000
749,59,"01","7301",เมืองนครปฐม,Mueang Nakhon Pathom,2024-10-25 00:52:08.000,2024-10-25 00:52:08.000
750,59,"02","7302",กำแพงแสน,Kamphaeng Saen,2024-10-25 00:52:08.000,2024-10-25 00:52:08.000
751,59,"03","7303",นครชัยศรี,Nakhon Chai Si,2024-10-25 00:52:08.000,2024-10-25 00:52:08.000
752,59,"04","7304",ดอนตูม,Don Tum,2024-10-25 00:52:08.000,2024-10-25 00:52:08.000
753,59,"05","7305",บางเลน,Bang Len,2024-10-25 00:52:08.000,2024-10-25 00:52:08.000
754,59,"06","7306",สามพราน,Sam Phran,2024-10-25 00:52:08.000,2024-10-25 00:52:08.000
755,59,"07","7307",พุทธมณฑล,Phutthamonthon,2024-10-25 00:52:08.000,2024-10-25 00:52:08.000
756,60,"01","7401",เมืองสมุทรสาคร,Mueang Samut Sakhon,2024-10-25 00:52:08.000,2024-10-25 00:52:08.000
757,60,"02","7402",กระทุ่มแบน,Krathum Baen,2024-10-25 00:52:08.000,2024-10-25 00:52:08.000
758,60,"03","7403",บ้านแพ้ว,Ban Phaeo,2024-10-25 00:52:08.000,2024-10-25 00:52:08.000
759,61,"01","7501",เมืองสมุทรสงคราม,Mueang Samut Songkhram,2024-10-25 00:52:08.000,2024-10-25 00:52:08.000
760,61,"02","7502",บางคนที,Bang Khonthi,2024-10-25 00:52:08.000,2024-10-25 00:52:08.000
761,61,"03","7503",อัมพวา,Amphawa,2024-10-25 00:52:08.000,2024-10-25 00:52:08.000
762,62,"01","7601",เมืองเพชรบุรี,Mueang Phetchaburi,2024-10-25 00:52:08.000,2024-10-25 00:52:08.000
763,62,"02","7602",เขาย้อย,Khao Yoi,2024-10-25 00:52:08.000,2024-10-25 00:52:08.000
764,62,"03","7603",หนองหญ้าปล้อง,Nong Ya Plong,2024-10-25 00:52:08.000,2024-10-25 00:52:08.000
765,62,"04","7604",ชะอำ,Cha-am,2024-10-25 00:52:08.000,2024-10-25 00:52:08.000
766,62,"05","7605",ท่ายาง,Tha Yang,2024-10-25 00:52:08.000,2024-10-25 00:52:08.000
767,62,"06","7606",บ้านลาด,Ban Lat,2024-10-25 00:52:08.000,2024-10-25 00:52:08.000
768,62,"07","7607",บ้านแหลม,Ban Laem,2024-10-25 00:52:08.000,2024-10-25 00:52:08.000
769,62,"08","7608",แก่งกระจาน,Kaeng Krachan,2024-10-25 00:52:08.000,2024-10-25 00:52:08.000
770,63,"01","7701",เมืองประจวบคีรีขันธ์,Mueang Prachuap Khiri Khan,2024-10-25 00:52:08.000,2024-10-25 00:52:08.000
771,63,"02","7702",กุยบุรี,Kui Buri,2024-10-25 00:52:08.000,2024-10-25 00:52:08.000
772,63,"03","7703",ทับสะแก,Thap Sakae,2024-10-25 00:52:08.000,2024-10-25 00:52:08.000
773,63,"04","7704",บางสะพาน,Bang Saphan,2024-10-25 00:52:08.000,2024-10-25 00:52:08.000
774,63,"05","7705",บางสะพานน้อย,Bang Saphan Noi,2024-10-25 00:52:08.000,2024-10-25 00:52:08.000
775,63,"06","7706",ปราณบุรี,Pran Buri,2024-10-25 00:52:08.000,2024-10-25 00:52:08.000
776,63,"07","7707",หัวหิน,Hua Hin,2024-10-25 00:52:08.000,2024-10-25 00:52:08.000
777,63,"08","7708",สามร้อยยอด,Sam Roi Yot,2024-10-25 00:52:08.000,2024-10-25 00:52:08.000
778,64,"01","8001",เมืองนครศรีธรรมราช,Mueang Nakhon Si Thammarat,2024-10-25 00:52:08.000,2024-10-25 00:52:08.000
779,64,"02","8002",พรหมคีรี,Phrom Khiri,2024-10-25 00:52:08.000,2024-10-25 00:52:08.000
780,64,"03","8003",ลานสกา,Lan Saka,2024-10-25 00:52:08.000,2024-10-25 00:52:08.000
781,64,"04","8004",ฉวาง,Chawang,2024-10-25 00:52:08.000,2024-10-25 00:52:08.000
782,64,"05","8005",พิปูน,Phipun,2024-10-25 00:52:08.000,2024-10-25 00:52:08.000
783,64,"06","8006",เชียรใหญ่,Chian Yai,2024-10-25 00:52:08.000,2024-10-25 00:52:08.000
784,64,"07","8007",ชะอวด,Cha-uat,2024-10-25 00:52:08.000,2024-10-25 00:52:08.000
785,64,"08","8008",ท่าศาลา,Tha Sala,2024-10-25 00:52:08.000,2024-10-25 00:52:08.000
786,64,"09","8009",ทุ่งสง,Thung Song,2024-10-25 00:52:08.000,2024-10-25 00:52:08.000
787,64,"10","8010",นาบอน,Na Bon,2024-10-25 00:52:08.000,2024-10-25 00:52:08.000
788,64,"11","8011",ทุ่งใหญ่,Thung Yai,2024-10-25 00:52:08.000,2024-10-25 00:52:08.000
789,64,"12","8012",ปากพนัง,Pak Phanang,2024-10-25 00:52:08.000,2024-10-25 00:52:08.000
790,64,"13","8013",ร่อนพิบูลย์,Ron Phibun,2024-10-25 00:52:08.000,2024-10-25 00:52:08.000
791,64,"14","8014",สิชล,Sichon,2024-10-25 00:52:08.000,2024-10-25 00:52:08.000
792,64,"15","8015",ขนอม,Khanom,2024-10-25 00:52:08.000,2024-10-25 00:52:08.000
793,64,"16","8016",หัวไทร,Hua Sai,2024-10-25 00:52:08.000,2024-10-25 00:52:08.000
794,64,"17","8017",บางขัน,Bang Khan,2024-10-25 00:52:08.000,2024-10-25 00:52:08.000
795,64,"18","8018",ถ้ำพรรณรา,Tham Phannara,2024-10-25 00:52:08.000,2024-10-25 00:52:08.000
796,64,"19","8019",จุฬาภรณ์,Chulabhorn,2024-10-25 00:52:08.000,2024-10-25 00:52:08.000
797,64,"20","8020",พระพรหม,Phra Phrom,2024-10-25 00:52:08.000,2024-10-25 00:52:08.000
798,64,"21","8021",นบพิตำ,Nopphitam,2024-10-25 00:52:08.000,2024-10-25 00:52:08.000
799,64,"22","8022",ช้างกลาง,Chang Klang,2024-10-25 00:52:08.000,2024-10-25 00:52:08.000
800,64,"23","8023",เฉลิมพระเกียรติ,Chaloem Phra Kiat,2024-10-25 00:52:08.000,2024-10-25 00:52:08.000
801,65,"01","8101",เมืองกระบี่,Mueang Krabi,2024-10-25 00:52:08.000,2024-10-25 00:52:08.000
802,65,"02","8102",เขาพนม,Khao Phanom,2024-10-25 00:52:08.000,2024-10-25 00:52:08.000
803,65,"03","8103",เกาะลันตา,Ko Lanta,2024-10-25 00:52:08.000,2024-10-25 00:52:08.000
804,65,"04","8104",คลองท่อม,Khlong Thom,2024-10-25 00:52:08.000,2024-10-25 00:52:08.000
805,65,"05","8105",อ่าวลึก,Ao Luek,2024-10-25 00:52:08.000,2024-10-25 00:52:08.000
806,65,"06","8106",ปลายพระยา,Plai Phraya,2024-10-25 00:52:08.000,2024-10-25 00:52:08.000
807,65,"07","8107",ลำทับ,Lam Thap,2024-10-25 00:52:08.000,2024-10-25 00:52:08.000
808,65,"08","8108",เหนือคลอง,Nuea Khlong,2024-10-25 00:52:08.000,2024-10-25 00:52:08.000
809,66,"01","8201",เมืองพังงา,Mueang Phang-nga,2024-10-25 00:52:08.000,2024-10-25 00:52:08.000
810,66,"02","8202",เกาะยาว,Ko Yao,2024-10-25 00:52:08.000,2024-10-25 00:52:08.000
811,66,"03","8203",กะปง,Kapong,2024-10-25 00:52:08.000,2024-10-25 00:52:08.000
812,66,"04","8204",ตะกั่วทุ่ง,Takua Thung,2024-10-25 00:52:08.000,2024-10-25 00:52:08.000
813,66,"05","8205",ตะกั่วป่า,Takua Pa,2024-10-25 00:52:08.000,2024-10-25 00:52:08.000
814,66,"06","8206",คุระบุรี,Khura Buri,2024-10-25 00:52:08.000,2024-10-25 00:52:08.000
815,66,"07","8207",ทับปุด,Thap Put,2024-10-25 00:52:08.000,2024-10-25 00:52:08.000
816,66,"08","8208",ท้ายเหมือง,Thai Mueang,2024-10-25 00:52:08.000,2024-10-25 00:52:08.000
817,67,"01","8301",เมืองภูเก็ต,Mueang Phuket,2024-10-25 00:52:08.000,2024-10-25 00:52:08.000
818,67,"02","8302",กะทู้,Kathu,2024-10-25 00:52:08.000,2024-10-25 00:52:08.000
819,67,"03","8303",ถลาง,Thalang,2024-10-25 00:52:08.000,2024-10-25 00:52:08.000
820,68,"01","8401",เมืองสุราษฎร์ธานี,Mueang Surat Thani,2024-10-25 00:52:08.000,2024-10-25 00:52:08.000
821,68,"02","8402",กาญจนดิษฐ์,Kanchanadit,2024-10-25 00:52:08.000,2024-10-25 00:52:08.000
822,68,"03","8403",ดอนสัก,Don Sak,2024-10-25 00:52:08.000,2024-10-25 00:52:08.000
823,68,"04","8404",เกาะสมุย,Ko Samui,2024-10-25 00:52:08.000,2024-10-25 00:52:08.000
824,68,"05","8405",เกาะพะงัน,Ko Pha-ngan,2024-10-25 00:52:08.000,2024-10-25 00:52:08.000
825,68,"06","8406",ไชยา,Chaiya,2024-10-25 00:52:08.000,2024-10-25 00:52:08.000
826,68,"07","8407",ท่าชนะ,Tha Chana,2024-10-25 00:52:08.000,2024-10-25 00:52:08.000
827,68,"08","8408",คีรีรัฐนิคม,Khiri Rat Nikhom,2024-10-25 00:52:08.000,2024-10-25 00:52:08.000
828,68,"09","8409",บ้านตาขุน,Ban Ta Khun,2024-10-25 00:52:08.000,2024-10-25 00:52:08.000
829,68,"10","8410",พนม,Phanom,2024-10-25 00:52:08.000,2024-10-25 00:52:08.000
830,68,"11","8411",ท่าฉาง,Tha Chang,2024-10-25 00:52:08.000,2024-10-25 00:52:08.000
831,68,"12","8412",บ้านนาสาร,Ban Na San,2024-10-25 00:52:08.000,2024-10-25 00:52:08.000
832,68,"13","8413",บ้านนาเดิม,Ban Na Doem,2024-10-25 00:52:08.000,2024-10-25 00:52:08.000
833,68,"14","8414",เคียนซา,Khian Sa,2024-10-25 00:52:08.000,2024-10-25 00:52:08.000
834,68,"15","8415",เวียงสระ,Wiang Sa,2024-10-25 00:52:08.000,2024-10-25 00:52:08.000
835,68,"16","8416",พระแสง,Phrasaeng,2024-10-25 00:52:08.000,2024-10-25 00:52:08.000
836,68,"17","8417",พุนพิน,Phunphin,2024-10-25 00:52:08.000,2024-10-25 00:52:08.000
837,68,"18","8418",ชัยบุรี,Chai Buri,2024-10-25 00:52:08.000,2024-10-25 00:52:08.000
838,68,"19","8419",วิภาวดี,Vibhavadi,2024-10-25 00:52:08.000,2024-10-25 00:52:08.000
839,69,"01","8501",เมืองระนอง,Mueang Ranong,2024-10-25 00:52:08.000,2024-10-25 00:52:08.000
840,69,"02","8502",ละอุ่น,La-un,2024-10-25 00:52:08.000,2024-10-25 00:52:08.000
841,69,"03","8503",กะเปอร์,Kapoe,2024-10-25 00:52:08.000,2024-10-25 00:52:08.000
842,69,"04","8504",กระบุรี,Kra Buri,2024-10-25 00:52:08.000,2024-10-25 00:52:08.000
843,69,"05","8505",สุขสำราญ,Suk Samran,2024-10-25 00:52:08.000,2024-10-25 00:52:08.000
844,70,"01","8601",เมืองชุมพร,Mueang Chumphon,2024-10-25 00:52:08.000,2024-10-25 00:52:08.000
845,70,"02","8602",ท่าแซะ,Tha Sae,2024-10-25 00:52:08.000,2024-10-25 00:52:08.000
846,70,"03","8603",ปะทิว,Pathio,2024-10-25 00:52:08.000,2024-10-25 00:52:08.000
847,70,"04","8604",หลังสวน,Lang Suan,2024-10-25 00:52:08.000,2024-10-25 00:52:08.000
848,70,"05","8605",ละแม,Lamae,2024-10-25 00:52:08.000,2024-10-25 00:52:08.000
849,70,"06","8606",พะโต๊ะ,Phato,2024-10-25 00:52:08.000,2024-10-25 00:52:08.000
850,70,"07","8607",สวี,Sawi,2024-10-25 00:52:08.000,2024-10-25 00:52:08.000
851,70,"08","8608",ทุ่งตะโก,Thung Tako,2024-10-25 00:52:08.000,2024-10-25 00:52:08.000
852,71,"01","9001",เมืองสงขลา,Mueang Songkhla,2024-10-25 00:52:08.000,2024-10-25 00:52:08.000
853,71,"02","9002",สทิงพระ,Sathing Phra,2024-10-25 00:52:08.000,2024-10-25 00:52:08.000
854,71,"03","9003",จะนะ,Chana,2024-10-25 00:52:08.000,2024-10-25 00:52:08.000
855,71,"04","9004",นาทวี,Na Thawi,2024-10-25 00:52:08.000,2024-10-25 00:52:08.000
856,71,"05","9005",เทพา,Thepha,2024-10-25 00:52:08.000,2024-10-25 00:52:08.000
857,71,"06","9006",สะบ้าย้อย,Saba Yoi,2024-10-25 00:52:08.000,2024-10-25 00:52:08.000
858,71,"07","9007",ระโนด,Ranot,2024-10-25 00:52:08.000,2024-10-25 00:52:08.000
859,71,"08","9008",กระแสสินธุ์,Krasae Sin,2024-10-25 00:52:08.000,2024-10-25 00:52:08.000
860,71,"09","9009",รัตภูมิ,Rattaphum,2024-10-25 00:52:08.000,2024-10-25 00:52:08.000
861,71,"10","9010",สะเดา,Sadao,2024-10-25 00:52:08.000,2024-10-25 00:52:08.000
862,71,"11","9011",หาดใหญ่,Hat Yai,2024-10-25 00:52:08.000,2024-10-25 00:52:08.000
863,71,"12","9012",นาหม่อม,Na Mom,2024-10-25 00:52:08.000,2024-10-25 00:52:08.000
864,71,"13","9013",ควนเนียง,Khuan Niang,2024-10-25 00:52:08.000,2024-10-25 00:52:08.000
865,71,"14","9014",บางกล่ำ,Bang Klam,2024-10-25 00:52:08.000,2024-10-25 00:52:08.000
866,71,"15","9015",สิงหนคร,Singhanakhon,2024-10-25 00:52:08.000,2024-10-25 00:52:08.000
867,71,"16","9016",คลองหอยโข่ง,Khlong Hoi Khong,2024-10-25 00:52:08.000,2024-10-25 00:52:08.000
868,72,"01","9101",เมืองสตูล,Mueang Satun,2024-10-25 00:52:08.000,2024-10-25 00:52:08.000
869,72,"02","9102",ควนโดน,Khuan Don,2024-10-25 00:52:08.000,2024-10-25 00:52:08.000
870,72,"03","9103",ควนกาหลง,Khuan Kalong,2024-10-25 00:52:08.000,2024-10-25 00:52:08.000
871,72,"04","9104",ท่าแพ,Tha Phae,2024-10-25 00:52:08.000,2024-10-25 00:52:08.000
872,72,"05","9105",ละงู,La-ngu,2024-10-25 00:52:08.000,2024-10-25 00:52:08.000
873,72,"06","9106",ทุ่งหว้า,Thung Wa,2024-10-25 00:52:08.000,2024-10-25 00:52:08.000
874,72,"07","9107",มะนัง,Manang,2024-10-25 00:52:08.000,2024-10-25 00:52:08.000
875,73,"01","9201",เมืองตรัง,Mueang Trang,2024-10-25 00:52:08.000,2024-10-25 00:52:08.000
876,73,"02","9202",กันตัง,Kantang,2024-10-25 00:52:08.000,2024-10-25 00:52:08.000
877,73,"03","9203",ย่านตาขาว,Yan Ta Khao,2024-10-25 00:52:08.000,2024-10-25 00:52:08.000
878,73,"04","9204",ปะเหลียน,Palian,2024-10-25 00:52:08.000,2024-10-25 00:52:08.000
879,73,"05","9205",สิเกา,Sikao,2024-10-25 00:52:08.000,2024-10-25 00:52:08.000
880,73,"06","9206",ห้วยยอด,Huai Yot,2024-10-25 00:52:08.000,2024-10-25 00:52:08.000
881,73,"07","9207",วังวิเศษ,Wang Wiset,2024-10-25 00:52:08.000,2024-10-25 00:52:08.000
882,73,"08","9208",นาโยง,Na Yong,2024-10-25 00:52:08.000,2024-10-25 00:52:08.000
883,73,"09","9209",รัษฎา,Ratsada,2024-10-25 00:52:08.000,2024-10-25 00:52:08.000
884,73,"10","9210",หาดสำราญ,Hat Samran,2024-10-25 00:52:08.000,2024-10-25 00:52:08.000
885,74,"01","9301",เมืองพัทลุง,Mueang Phatthalung,2024-10-25 00:52:08.000,2024-10-25 00:52:08.000
886,74,"02","9302",กงหรา,Kong Ra,2024-10-25 00:52:08.000,2024-10-25 00:52:08.000
887,74,"03","9303",เขาชัยสน,Khao Chaison,2024-10-25 00:52:08.000,2024-10-25 00:52:08.000
888,74,"04","9304",ตะโหมด,Tamot,2024-10-25 00:52:08.000,2024-10-25 00:52:08.000
889,74,"05","9305",ควนขนุน,Khuan Khanun,2024-10-25 00:52:08.000,2024-10-25 00:52:08.000
890,74,"06","9306",ปากพะยูน,Pak Phayun,2024-10-25 00:52:08.000,2024-10-25 00:52:08.000
891,74,"07","9307",ศรีบรรพต,Si Banphot,2024-10-25 00:52:08.000,2024-10-25 00:52:08.000
892,74,"08","9308",ป่าบอน,Pa Bon,2024-10-25 00:52:08.000,2024-10-25 00:52:08.000
893,74,"09","9309",บางแก้ว,Bang Kaeo,2024-10-25 00:52:08.000,2024-10-25 00:52:08.000
894,74,"10","9310",ป่าพะยอม,Pa Phayom,2024-10-25 00:52:08.000,2024-10-25 00:52:08.000
895,74,"11","9311",ศรีนครินทร์,Srinagarindra,2024-10-25 00:52:08.000,2024-10-25 00:52:08.000
896,75,"01","9401",เมืองปัตตานี,Mueang Pattani,2024-10-25 00:52:08.000,2024-10-25 00:52:08.000
897,75,"02","9402",โคกโพธิ์,Khok Pho,2024-10-25 00:52:08.000,2024-10-25 00:52:08.000
898,75,"03","9403",หนองจิก,Nong Chik,2024-10-25 00:52:08.000,2024-10-25 00:52:08.000
899,75,"04","9404",ปะนาเระ,Panare,2024-10-25 00:52:08.000,2024-10-25 00:52:08.000
900,75,"05","9405",มายอ,Mayo,2024-10-25 00:52:08.000,2024-10-25 00:52:08.000
901,75,"06","9406",ทุ่งยางแดง,Thung Yang Daeng,2024-10-25 00:52:08.000,2024-10-25 00:52:08.000
902,75,"07","9407",สายบุรี,Sai Buri,2024-10-25 00:52:08.000,2024-10-25 00:52:08.000
903,75,"08","9408",ไม้แก่น,Mai Kaen,2024-10-25 00:52:08.000,2024-10-25 00:52:08.000
904,75,"09","9409",ยะหริ่ง,Yaring,2024-10-25 00:52:08.000,2024-10-25 00:52:08.000
905,75,"10","9410",ยะรัง,Yarang,2024-10-25 00:52:08.000,2024-10-25 00:52:08.000
906,75,"11","9411",กะพ้อ,Kapho,2024-10-25 00:52:08.000,2024-10-25 00:52:08.000
907,75,"12","9412",แม่ลาน,Mae Lan,2024-10-25 00:52:08.000,2024-10-25 00:52:08.000
908,76,"01","9501",เมืองยะลา,Mueang Yala,2024-10-25 00:52:08.000,2024-10-25 00:52:08.000
909,76,"02","9502",เบตง,Betong,2024-10-25 00:52:08.000,2024-10-25 00:52:08.000
910,76,"03","9503",บันนังสตา,Bannang Sata,2024-10-25 00:52:08.000,2024-10-25 00:52:08.000
911,76,"04","9504",ธารโต,Than To,2024-10-25 00:52:08.000,2024-10-25 00:52:08.000
912,76,"05","9505",ยะหา,Yaha,2024-10-25 00:52:08.000,2024-10-25 00:52:08.000
913,76,"06","9506",รามัน,Raman,2024-10-25 00:52:08.000,2024-10-25 00:52:08.000
914,76,"07","9507",กาบัง,Kabang,2024-10-25 00:52:08.000,2024-10-25 00:52:08.000
915,76,"08","9508",กรงปินัง,Krong Pinang,2024-10-25 00:52:08.000,2024-10-25 00:52:08.000
916,77,"01","9601",เมืองนราธิวาส,Mueang Narathiwat,2024-10-25 00:52:08.000,2024-10-25 00:52:08.000
917,77,"02","9602",ตากใบ,Tak Bai,2024-10-25 00:52:08.000,2024-10-25 00:52:08.000
918,77,"03","9603",บาเจาะ,Bacho,2024-10-25 00:52:08.000,2024-10-25 00:52:08.000
919,77,"04","9604",ยี่งอ,Yi-ngo,2024-10-25 00:52:08.000,2024-10-25 00:52:08.000
920,77,"05","9605",ระแงะ,Ra-ngae,2024-10-25 00:52:08.000,2024-10-25 00:52:08.000
921,77,"06","9606",รือเสาะ,Rueso,2024-10-25 00:52:08.000,2024-10-25 00:52:08.000
922,77,"07","9607",ศรีสาคร,Si Sakhon,2024-10-25 00:52:08.000,2024-10-25 00:52:08.000
923,77,"08","9608",แว้ง,Waeng,2024-10-25 00:52:08.000,2024-10-25 00:52:08.000
924,77,"09","9609",สุคิริน,Sukhirin,2024-10-25 00:52:08.000,2024-10-25 00:52:08.000
925,77,"10","9610",สุไหงโก-ลก,Su-ngai Kolok,2024-10-25 00:52:08.000,2024-10-25 00:52:08.000
926,77,"11","9611",สุไหงปาดี,Su-ngai Padi,2024-10-25 00:52:08.000,2024-10-25 00:52:08.000
927,77,"12","9612",จะแนะ,Chanae,2024-10-25 00:52:08.000,2024-10-25 00:52:08.000
928,77,"13","9613",เจาะไอร้อง,Cho-airong,2024-10-25 00:52:08.000,2024-10-25 00:52:08.000
