Age,Sex,Home_Code,Incident_Code,Distance_Level
26,ชาย,9003,9011,1
45,หญิง,4308,4308,0
44,ชาย,2406,1302,2
58,ชาย,5009,5009,0
42,ชาย,4801,4801,0
63,หญิง,4307,4307,0
74,ชาย,4016,4016,0
58,ชาย,6302,6302,0
18,ชาย,4401,4401,0
47,ชาย,3301,3301,0
39,หญิง,8204,8208,1
18,ชาย,8021,8021,0
53,ชาย,4708,4708,0
20,ชาย,6015,6015,0
25,ชาย,1701,1601,2
57,ชาย,3407,3407,0
18,หญิง,5403,5403,0
71,หญิง,5501,6507,2
28,หญิง,1801,3407,2
56,หญิง,5407,5407,0
14,หญิง,1704,1704,0
19,ชาย,4405,4405,0
49,ชาย,5106,5005,2
47,ชาย,4711,4711,0
54,ชาย,3016,5005,2
56,ชาย,4408,4408,0
13,ชาย,3504,3504,0
18,ชาย,5505,1302,2
42,ชาย,1401,1407,1
14,ชาย,4410,4410,0
59,ชาย,5401,5401,0
55,ชาย,1203,1411,2
24,หญิง,5012,5014,1
27,ชาย,5005,5014,1
68,หญิง,8417,8417,0
56,ชาย,3012,3004,1
84,ชาย,4401,4401,0
33,หญิง,3509,3509,0
53,ชาย,1302,1302,0
58,ชาย,4401,4401,0
25,ชาย,6504,6504,0
53,ชาย,1303,6303,2
47,หญิง,9007,9202,2
8,ชาย,6306,6306,0
29,ชาย,5019,5019,0
20,ชาย,1504,1504,0
34,ชาย,6606,7401,2
16,ชาย,1303,1303,0
28,ชาย,5108,5019,2
61,หญิง,3024,3024,0
34,หญิง,6306,6306,0
26,หญิง,5404,5001,2
40,ชาย,5707,5718,1
15,ชาย,1902,8023,1
23,ชาย,5405,5001,2
80,ชาย,3011,3011,0
63,ชาย,3501,4506,2
23,ชาย,3107,4502,2
19,ชาย,5107,5013,2
82,ชาย,5712,5712,0
46,ชาย,1901,1910,1
19,หญิง,1307,1307,0
33,ชาย,3019,5208,2
45,หญิง,5101,5101,0
63,ชาย,7605,7605,0
53,ชาย,1407,1407,0
82,ชาย,4406,4406,0
16,ชาย,6402,6402,0
68,ชาย,2402,2402,0
53,ชาย,6404,6404,0
40,ชาย,4805,4901,2
25,ชาย,3605,1411,2
54,ชาย,1020,1307,2
32,ชาย,3203,3203,0
21,หญิง,3016,3018,1
61,หญิง,4403,4403,0
27,ชาย,2405,2405,0
50,ชาย,3304,3304,0
63,ชาย,5704,5010,2
23,ชาย,3613,4020,2
18,ชาย,6605,6605,0
65,ชาย,3108,3108,0
73,ชาย,5012,5012,0
55,หญิง,8417,9011,2
62,หญิง,8001,8014,1
30,หญิง,9506,9501,1
59,หญิง,5101,5101,0
44,ชาย,9507,9501,1
63,หญิง,6001,6001,0
46,หญิง,6507,6507,0
18,ชาย,6005,6001,1
37,ชาย,3403,3403,0
78,ชาย,5207,5207,0
82,ชาย,8602,8603,1
70,ชาย,3121,3121,0
51,หญิง,5014,5005,1
79,ชาย,5212,5211,1
63,หญิง,1504,1504,0
22,ชาย,6409,2502,2
11,หญิง,3802,3802,0
76,หญิง,5212,5211,1
68,ชาย,3106,3106,0
67,ชาย,5403,5403,0
37,ชาย,3016,2502,2
25,ชาย,3414,3414,0
74,ชาย,5207,5207,0
30,ชาย,8608,8608,0
67,ชาย,4607,4607,0
44,ชาย,5401,5401,0
51,หญิง,6201,6007,2
45,ชาย,3422,1021,2
17,ชาย,6502,6502,0
56,หญิง,5201,5201,0
41,หญิง,5711,6309,2
43,ชาย,1506,1504,1
53,ชาย,6003,6003,0
31,ชาย,6106,6106,0
40,ชาย,6107,6107,0
16,ชาย,3807,3807,0
34,ชาย,9007,9007,0
72,หญิง,4705,4708,1
42,ชาย,3309,3309,0
35,หญิง,4002,4002,0
18,ชาย,7603,7501,2
46,ชาย,9013,9013,0
46,ชาย,3212,3201,1
53,ชาย,3030,3004,1
43,ชาย,6105,2004,2
70,หญิง,6107,6104,1
83,ชาย,3904,3904,0
63,หญิง,5201,5201,0
56,หญิง,4712,3004,2
15,ชาย,5302,5302,0
44,ชาย,3212,3212,0
13,ชาย,5302,5302,0
19,ชาย,5601,5601,0
56,ชาย,6011,6104,2
46,ชาย,9305,9305,0
64,หญิง,5203,5203,0
76,ชาย,6404,6404,0
59,ชาย,7002,7002,0
58,ชาย,6605,6605,0
55,หญิง,4012,4012,0
23,หญิง,1702,1702,0
37,ชาย,6401,6401,0
65,ชาย,1050,2701,2
85,ชาย,5301,5301,0
56,ชาย,4005,4005,0
17,หญิง,9403,9403,0
24,ชาย,5401,5404,1
18,หญิง,9006,9403,2
43,หญิง,4805,4805,0
66,ชาย,5703,5703,0
78,ชาย,2705,2705,0
61,ชาย,3415,3415,0
62,ชาย,4018,4018,0
58,ชาย,5707,5707,0
74,ชาย,9015,9015,0
18,ชาย,6508,6508,0
24,ชาย,4808,4808,0
70,หญิง,2304,2304,0
42,ชาย,9005,9005,0
7,หญิง,9503,9503,0
74,หญิง,80,80,0
53,ชาย,5404,5404,0
34,ชาย,6508,6508,0
25,ชาย,7104,7101,1
37,ชาย,3612,4004,2
41,หญิง,9005,9005,0
28,ชาย,9204,9203,1
3,ชาย,9005,9005,0
38,ชาย,6502,6502,0
60,ชาย,3003,3003,0
65,ชาย,3304,3304,0
44,ชาย,4901,4901,0
42,ชาย,6705,6705,0
31,หญิง,3004,3004,0
26,ชาย,5307,6506,2
11,หญิง,9209,9209,0
25,ชาย,4807,4807,0
23,ชาย,5512,5512,0
49,หญิง,3304,3304,0
33,หญิง,8019,8019,0
39,ชาย,5401,5401,0
71,ชาย,1910,1910,0
72,ชาย,3009,3009,0
36,ชาย,5401,5401,0
14,ชาย,4808,3704,2
58,หญิง,8406,8406,0
53,ชาย,3706,3706,0
8,ชาย,5003,5003,0
59,หญิง,6503,6503,0
36,หญิง,3002,3001,1
63,ชาย,5403,5403,0
75,ชาย,9304,9304,0
50,ชาย,9201,9201,0
50,ชาย,9201,9201,0
72,ชาย,9601,9601,0
32,ชาย,4708,4708,0
18,หญิง,3212,3212,0
36,ชาย,6204,9410,2
41,หญิง,4104,4109,1
74,ชาย,5603,5603,0
52,หญิง,4212,3008,2
55,หญิง,6609,6609,0
77,ชาย,6609,6609,0
83,ชาย,9306,9306,0
14,ชาย,6001,6001,0
39,ชาย,4117,4117,0
49,หญิง,2001,2001,0
60,ชาย,3018,3018,0
72,ชาย,3304,3304,0
70,หญิง,3304,3304,0
77,ชาย,4801,4801,0
37,ชาย,9501,9403,2
13,ชาย,4807,4807,0
70,หญิง,3805,3805,0
50,ชาย,5801,5801,0
32,ชาย,7301,7301,0
7,ชาย,9005,9005,0
15,ชาย,3001,3007,1
68,หญิง,4209,4209,0
67,หญิง,5012,5012,0
71,ชาย,9011,9011,0
59,ชาย,6704,6704,0
29,ชาย,5016,5016,0
63,ชาย,3307,3307,0
32,ชาย,4801,4801,0
48,หญิง,4903,4903,0
74,ชาย,4404,4404,0
71,ชาย,3407,3701,2
67,หญิง,4014,4014,0
26,ชาย,6001,6001,0
83,หญิง,7501,7501,0
24,ชาย,2006,2410,2
50,ชาย,3016,3016,0
29,ชาย,9602,8602,2
22,ชาย,4307,4307,0
68,ชาย,4209,4209,0
44,ชาย,5001,5019,1
47,ชาย,4001,4001,0
27,หญิง,6106,6108,1
39,หญิง,4111,4111,0
66,ชาย,9610,9610,0
26,ชาย,7002,7005,1
12,ชาย,5010,5010,0
45,ชาย,4807,4807,0
21,ชาย,2502,2502,0
49,ชาย,9006,9501,2
35,ชาย,3008,3008,0
37,ชาย,9605,9605,0
46,ชาย,3407,3407,0
13,ชาย,8501,8501,0
1,หญิง,5003,5003,0
71,หญิง,6209,6209,0
22,ชาย,1706,6007,2
4,หญิง,5007,5007,0
16,ชาย,7207,7204,1
16,ชาย,7206,7206,0
32,ชาย,9605,9605,0
13,หญิง,4406,4407,1
47,ชาย,1204,5205,2
21,ชาย,4106,4401,2
64,ชาย,4405,4405,0
74,ชาย,5101,5101,0
14,ชาย,5208,6303,2
64,หญิง,4412,4404,1
69,หญิง,4003,8417,2
51,ชาย,4108,4108,0
35,ชาย,4212,4212,0
25,หญิง,5805,5001,2
70,ชาย,2703,2705,1
39,หญิง,3804,2106,2
74,หญิง,4209,4214,1
35,ชาย,7303,7303,0
14,ชาย,4117,4117,0
68,หญิง,2703,2705,1
75,ชาย,4403,4403,0
23,ชาย,5101,5101,0
52,ชาย,5602,5602,0
22,ชาย,4806,4807,1
27,ชาย,5009,5021,1
14,ชาย,2701,2701,0
65,หญิง,9107,9105,1
16,ชาย,9105,9105,0
44,หญิง,3201,3201,0
63,ชาย,5016,5016,0
58,ชาย,4501,4514,1
27,ชาย,5603,5601,1
61,หญิง,6409,6409,0
48,หญิง,3105,3105,0
43,ชาย,7006,7006,0
17,ชาย,4305,4305,0
22,หญิง,3603,3603,0
78,ชาย,4514,4514,0
20,ชาย,4109,4109,0
14,ชาย,4514,4514,0
19,ชาย,2709,1033,2
12,ชาย,9207,9207,0
46,ชาย,3024,3024,0
18,หญิง,2202,2202,0
75,หญิง,5710,5710,0
77,ชาย,9203,9203,0
24,ชาย,4613,4508,2
1,หญิง,5710,5710,0
34,ชาย,5101,5101,0
60,ชาย,6506,6506,0
52,ชาย,6409,6409,0
66,หญิง,6104,6104,0
24,หญิง,4511,4506,1
47,ชาย,2301,2301,0
55,ชาย,3508,3508,0
16,ชาย,9003,9403,2
24,ชาย,5705,5716,1
18,ชาย,4407,4407,0
24,ชาย,5303,5301,1
60,ชาย,5308,5308,0
81,ชาย,3111,3111,0
60,หญิง,1201,1206,1
66,ชาย,4501,4410,2
59,ชาย,3207,4209,2
34,ชาย,9311,9301,1
46,ชาย,3616,3608,1
55,หญิง,4118,4118,0
75,หญิง,4410,4410,0
32,ชาย,3608,3608,0
85,หญิง,4407,4407,0
30,หญิง,9407,9401,1
50,ชาย,4407,4407,0
67,ชาย,5407,5407,0
60,หญิง,1011,1038,1
14,ชาย,1003,1003,0
54,ชาย,5401,5401,0
31,หญิง,4410,4410,0
32,ชาย,3118,3118,0
27,ชาย,7503,7401,2
19,ชาย,8417,8417,0
46,ชาย,4214,4209,1
66,ชาย,5101,5101,0
65,หญิง,7702,7702,0
63,ชาย,2103,5002,2
64,ชาย,1603,1603,0
25,ชาย,4203,4201,1
37,หญิง,9011,9011,0
75,หญิง,5104,5104,0
30,ชาย,3801,3801,0
74,หญิง,4404,4404,0
51,ชาย,6704,6703,1
45,ชาย,5002,5002,0
21,ชาย,4212,2004,2
26,ชาย,1027,1003,1
28,ชาย,3104,2706,2
17,หญิง,6703,6703,0
19,หญิง,1103,1005,2
73,ชาย,3804,3804,0
79,หญิง,6406,6406,0
73,ชาย,4214,4214,0
80,หญิง,4511,4511,0
84,หญิง,4705,4708,1
53,หญิง,6406,6406,0
53,ชาย,3806,3806,0
53,หญิง,4404,4404,0
68,ชาย,7004,7502,2
34,ชาย,1003,1003,0
24,ชาย,3706,1042,2
22,ชาย,8012,9302,2
65,ชาย,4413,4404,1
37,หญิง,6707,6707,0
44,ชาย,4515,4515,0
24,ชาย,7605,7605,0
40,ชาย,6610,6010,2
79,หญิง,1010,1010,0
62,ชาย,1808,1808,0
48,ชาย,4001,4508,2
33,หญิง,4003,8412,2
16,ชาย,3904,3904,0
63,ชาย,4514,4514,0
53,ชาย,6703,6703,0
73,ชาย,4029,4508,2
61,ชาย,3805,3805,0
78,หญิง,5201,5203,1
43,หญิง,4004,4004,0
15,หญิง,4402,4402,0
19,ชาย,4517,4517,0
21,ชาย,4403,4401,1
30,ชาย,2202,2303,2
58,หญิง,3004,3004,0
14,ชาย,4805,4805,0
36,หญิง,6710,6710,0
57,ชาย,5705,5705,0
57,ชาย,4404,4404,0
51,ชาย,3201,3201,0
60,ชาย,7605,7605,0
76,ชาย,2401,2401,0
14,ชาย,6501,6501,0
32,ชาย,4806,2405,2
63,ชาย,3206,3304,2
21,ชาย,1301,1038,2
10,หญิง,4020,4020,0
69,ชาย,3603,4014,2
37,ชาย,3804,3804,0
29,ชาย,7101,7106,1
67,หญิง,5303,5403,2
34,หญิง,8301,8301,0
73,หญิง,4905,4905,0
56,หญิง,2706,2706,0
40,ชาย,4404,4405,1
49,หญิง,8004,8004,0
77,หญิง,3303,3303,0
23,ชาย,1029,1029,0
38,ชาย,4516,4516,0
49,ชาย,4019,4019,0
74,หญิง,4403,4403,0
46,หญิง,4019,4019,0
43,หญิง,2002,2002,0
59,ชาย,5703,5703,0
26,หญิง,5013,5007,1
61,ชาย,8301,8302,1
28,ชาย,4616,4508,2
22,ชาย,5010,5001,1
53,หญิง,7702,7708,1
16,ชาย,8011,8010,1
56,หญิง,4011,4407,2
15,ชาย,8011,8011,0
76,หญิง,7403,7403,0
18,หญิง,4403,4403,0
74,หญิง,5408,5408,0
50,ชาย,4807,4807,0
53,หญิง,7010,7010,0
44,ชาย,8407,8407,0
50,ชาย,3304,3304,0
21,หญิง,3403,3303,2
50,หญิง,3307,3307,0
83,ชาย,8005,8005,0
84,ชาย,4603,4603,0
74,ชาย,6001,6001,0
11,หญิง,8417,8417,0
45,ชาย,3301,3301,0
47,ชาย,1102,1102,0
16,ชาย,6001,6001,0
17,หญิง,6501,5019,2
87,หญิง,9301,9301,0
63,ชาย,5021,5021,0
32,ชาย,7601,7601,0
35,ชาย,1204,1003,2
47,ชาย,4713,4108,2
5,ชาย,4711,4711,0
74,ชาย,6003,6003,0
52,หญิง,4705,4708,1
50,ชาย,1102,1106,1
18,ชาย,8019,8019,0
16,ชาย,6011,6011,0
36,ชาย,3303,3303,0
76,ชาย,5106,5106,0
53,ชาย,4806,4806,0
64,ชาย,6013,6013,0
20,ชาย,4808,4808,0
49,ชาย,7001,7501,2
63,หญิง,4808,4708,2
20,ชาย,4119,4111,1
31,หญิง,1206,1201,1
54,ชาย,5403,5403,0
67,ชาย,5705,5705,0
12,ชาย,5513,5513,0
8,ชาย,3801,4804,2
22,ชาย,4214,4209,1
57,ชาย,8601,8602,1
31,ชาย,1303,1304,1
78,ชาย,9605,9605,0
67,ชาย,4213,4209,1
58,ชาย,4117,4117,0
71,หญิง,4805,4805,0
74,ชาย,4805,4805,0
21,ชาย,8201,8201,0
20,ชาย,5211,5211,0
23,หญิง,3407,3407,0
38,ชาย,4109,4109,0
70,ชาย,4610,4610,0
26,ชาย,4902,4902,0
48,หญิง,8202,8202,0
44,ชาย,3407,3407,0
32,ชาย,4901,4902,1
55,ชาย,3407,3407,0
63,ชาย,6407,6407,0
59,ชาย,3407,3407,0
22,ชาย,4207,4207,0
72,หญิง,1307,6303,2
72,ชาย,4701,4701,0
58,ชาย,4702,4702,0
29,ชาย,9007,9007,0
22,ชาย,6013,6013,0
18,ชาย,5401,5401,0
49,ชาย,6401,6206,2
29,ชาย,3101,3101,0
75,หญิง,4708,4708,0
82,ชาย,8301,8301,0
51,หญิง,9007,9007,0
26,ชาย,3017,3013,1
22,ชาย,3407,3407,0
58,ชาย,3803,4305,2
17,ชาย,1605,1605,0
12,หญิง,4708,4705,1
40,ชาย,7401,7401,0
35,ชาย,1611,1606,1
78,ชาย,6011,6011,0
53,หญิง,3002,3002,0
55,ชาย,4101,4705,2
57,ชาย,4801,4801,0
67,หญิง,3009,3023,1
31,หญิง,3025,3025,0
17,หญิง,3010,3010,0
16,ชาย,7402,7402,0
83,ชาย,3010,3010,0
60,ชาย,3101,3121,1
43,ชาย,3501,3501,0
56,ชาย,6401,6401,0
28,หญิง,6601,6501,2
22,ชาย,3020,3020,0
73,หญิง,5013,5405,2
48,ชาย,6502,6502,0
34,ชาย,6502,6502,0
18,ชาย,6404,6501,2
28,หญิง,8414,8413,1
17,ชาย,4801,4801,0
76,ชาย,5021,5021,0
54,ชาย,3116,30,2
27,ชาย,7105,7101,1
39,หญิง,8402,8401,1
20,หญิง,3109,4408,2
13,หญิง,3020,3020,0
58,ชาย,9209,9105,2
59,หญิง,3013,3013,0
69,หญิง,3007,3007,0
51,ชาย,6708,6009,2
13,หญิง,3301,3310,1
30,ชาย,3007,3007,0
9,ชาย,3322,3310,1
47,ชาย,9204,9202,1
74,ชาย,4503,4503,0
47,ชาย,6306,6306,0
54,ชาย,3506,3506,0
38,ชาย,8412,8015,2
37,หญิง,9210,9202,1
30,หญิง,5019,5019,0
26,หญิง,3021,3010,1
34,ชาย,6008,6008,0
64,หญิง,9007,9202,2
22,ชาย,6302,6301,1
14,ชาย,8302,8501,2
61,ชาย,3009,3009,0
45,ชาย,5707,5707,0
20,ชาย,3205,3201,1
65,ชาย,3107,3107,0
21,หญิง,4616,4801,2
26,ชาย,3114,3110,1
24,ชาย,3114,3110,1
58,ชาย,3603,3603,0
41,ชาย,5712,5712,0
54,ชาย,3001,3001,0
66,หญิง,6301,6301,0
24,หญิง,5608,5704,2
58,หญิง,3508,3508,0
7,หญิง,1101,1503,2
55,หญิง,3001,3001,0
45,ชาย,4505,4505,0
31,ชาย,1604,1604,0
74,ชาย,4505,4505,0
57,ชาย,1101,1503,2
37,ชาย,9201,9201,0
74,ชาย,5705,5705,0
20,ชาย,1046,1302,2
19,หญิง,7608,7605,1
73,ชาย,30,30,0
64,ชาย,3202,3202,0
21,หญิง,9301,9205,2
33,ชาย,1606,1606,0
16,ชาย,3001,3001,0
56,ชาย,6601,6601,0
62,ชาย,4408,4408,0
56,ชาย,4904,4904,0
59,ชาย,3020,3020,0
76,ชาย,6404,6407,1
51,หญิง,4518,4518,0
64,ชาย,8601,8601,0
76,ชาย,4117,4117,0
39,ชาย,3601,3612,1
35,หญิง,6201,6201,0
68,หญิง,6406,6406,0
45,ชาย,3433,3207,2
4,หญิง,6306,6711,2
74,ชาย,6501,6501,0
29,ชาย,3301,3301,0
78,ชาย,9301,9301,0
41,ชาย,2002,2410,2
38,ชาย,3209,3209,0
27,ชาย,5806,5804,1
30,ชาย,8502,8502,0
63,ชาย,3111,3111,0
34,ชาย,3209,3209,0
51,ชาย,3004,3024,1
19,ชาย,3704,3704,0
45,ชาย,3603,3603,0
9,ชาย,3111,3111,0
63,หญิง,6001,6001,0
14,หญิง,3111,3111,0
86,ชาย,2501,2501,0
28,ชาย,1403,1403,0
15,ชาย,3407,3407,0
58,ชาย,6508,6508,0
1,ชาย,5406,5406,0
21,ชาย,3609,3609,0
81,หญิง,3010,3010,0
37,หญิง,1302,1302,0
36,ชาย,6007,1706,2
17,หญิง,5406,5401,1
35,หญิง,6008,6008,0
26,หญิง,3415,3415,0
47,หญิง,7401,6208,2
61,ชาย,6005,6005,0
64,ชาย,1302,1302,0
52,หญิง,3106,3106,0
66,ชาย,5401,5401,0
52,หญิง,3101,3101,0
45,ชาย,6008,6008,0
14,ชาย,6501,6501,0
61,หญิง,3303,3302,1
44,ชาย,5210,5201,1
53,ชาย,6103,6103,0
65,หญิง,6301,6301,0
56,ชาย,6508,6508,0
23,ชาย,6203,6201,1
56,ชาย,7008,7008,0
15,ชาย,3110,3110,0
69,ชาย,2001,2001,0
28,หญิง,9014,9014,0
24,หญิง,8601,8603,1
80,ชาย,9204,9204,0
35,ชาย,3407,3407,0
26,ชาย,4010,4001,1
16,หญิง,7005,7005,0
30,หญิง,4710,3501,2
61,หญิง,3207,3207,0
18,ชาย,8603,8603,0
53,ชาย,3207,3207,0
19,หญิง,7005,7005,0
36,หญิง,1806,1806,0
68,ชาย,6602,6601,1
59,ชาย,5704,5704,0
62,หญิง,9303,9303,0
68,ชาย,1702,1702,0
53,หญิง,4411,3109,2
26,ชาย,1101,4501,2
42,ชาย,6402,6401,1
54,ชาย,9201,9201,0
42,ชาย,6201,6201,0
49,ชาย,3203,3203,0
16,ชาย,1302,1302,0
48,ชาย,5712,5712,0
69,ชาย,2705,2705,0
65,ชาย,3508,3508,0
50,ชาย,5402,5401,1
55,ชาย,4805,4806,1
16,ชาย,9201,9201,0
58,หญิง,6508,4004,2
33,หญิง,5713,5704,1
82,ชาย,3501,3501,0
43,ชาย,9301,9305,1
54,หญิง,9307,9305,1
61,หญิง,9101,9101,0
60,ชาย,6706,6706,0
26,ชาย,7103,7112,1
61,ชาย,4807,4805,1
30,ชาย,8023,8023,0
15,ชาย,6502,6502,0
75,ชาย,9201,9201,0
55,ชาย,9305,9305,0
25,ชาย,9015,8016,2
73,ชาย,8011,8011,0
14,ชาย,3509,3501,1
56,หญิง,9204,9204,0
83,ชาย,3304,3304,0
83,ชาย,5401,5401,0
73,ชาย,3207,3207,0
71,ชาย,4907,4907,0
55,ชาย,9201,9201,0
16,หญิง,4901,4901,0
70,ชาย,9301,9301,0
58,ชาย,3702,3702,0
66,ชาย,3215,3215,0
60,ชาย,9206,9201,1
51,หญิง,3213,3213,0
68,ชาย,6204,6204,0
47,ชาย,3309,3309,0
37,ชาย,3706,3706,0
18,ชาย,5505,5501,1
65,ชาย,9206,9206,0
57,หญิง,3805,3310,2
48,ชาย,3014,3014,0
59,ชาย,6611,6611,0
48,ชาย,3014,3014,0
39,ชาย,3205,3205,0
27,หญิง,3031,3031,0
18,ชาย,5402,5401,1
21,ชาย,6601,6601,0
64,หญิง,3306,3306,0
65,ชาย,3501,3501,0
60,ชาย,9106,9204,2
16,ชาย,6506,6501,1
38,ชาย,1903,1903,0
13,หญิง,2007,2007,0
13,ชาย,9204,9204,0
59,หญิง,4104,4104,0
44,ชาย,80,8001,1
66,หญิง,9306,9306,0
49,หญิง,6010,6010,0
64,ชาย,8601,8601,0
53,ชาย,4111,4111,0
11,ชาย,6504,6504,0
19,หญิง,6612,6612,0
77,หญิง,6606,6605,1
22,ชาย,3008,3008,0
52,ชาย,3506,3506,0
65,ชาย,30,30,0
29,หญิง,6506,6501,1
19,ชาย,9310,9310,0
78,หญิง,3613,3613,0
54,ชาย,6701,6701,0
16,ชาย,3904,3904,0
20,ชาย,3411,3411,0
45,ชาย,3028,3009,1
28,หญิง,5607,5601,1
70,หญิง,1912,1912,0
85,ชาย,8607,8601,1
54,ชาย,3701,3702,1
63,หญิง,3906,3906,0
23,ชาย,3110,3101,1
21,ชาย,3320,3320,0
24,ชาย,6504,6504,0
19,ชาย,8605,8401,2
58,หญิง,3111,3321,2
15,ชาย,6708,6708,0
15,ชาย,6001,6004,1
68,ชาย,6702,6702,0
20,ชาย,6008,6001,1
46,ชาย,4102,4102,0
43,ชาย,5022,5015,1
19,หญิง,9604,9604,0
17,ชาย,6306,5005,2
30,ชาย,3004,3010,1
56,หญิง,4203,4203,0
19,หญิง,4003,4003,0
74,ชาย,4902,4902,0
26,ชาย,2010,2410,2
78,ชาย,4901,4901,0
56,ชาย,9611,9602,1
32,ชาย,3425,3425,0
76,ชาย,4603,4603,0
64,ชาย,6008,6008,0
29,หญิง,8601,8601,0
60,หญิง,9601,9601,0
62,หญิง,7205,7205,0
72,ชาย,7205,7205,0
57,หญิง,3319,3319,0
46,ชาย,3405,3405,0
50,ชาย,1605,1504,2
63,หญิง,6501,6501,0
12,ชาย,4111,4111,0
17,ชาย,6203,6203,0
16,ชาย,3424,3424,0
31,ชาย,4507,3610,2
26,ชาย,6201,6201,0
50,หญิง,4507,3610,2
64,ชาย,6508,7208,2
67,ชาย,1303,1303,0
65,ชาย,3415,3415,0
8,หญิง,1807,6105,2
31,ชาย,4511,4511,0
20,ชาย,4206,4206,0
51,ชาย,3111,3204,2
60,ชาย,4408,4408,0
75,หญิง,8504,8504,0
18,ชาย,9004,9004,0
57,ชาย,4408,4408,0
74,หญิง,3008,3008,0
19,หญิง,6206,5601,2
27,ชาย,7204,7205,1
37,ชาย,5105,5105,0
65,หญิง,5106,5106,0
73,ชาย,3028,3009,1
45,หญิง,5601,5601,0
29,หญิง,7401,7401,0
30,หญิง,6005,6005,0
21,ชาย,6201,6201,0
64,หญิง,6501,6501,0
16,ชาย,8009,8009,0
20,หญิง,3603,3603,0
53,หญิง,3122,3111,1
19,ชาย,5715,5707,1
16,ชาย,1803,1803,0
17,ชาย,3111,3111,0
71,หญิง,4518,4518,0
16,ชาย,1803,1803,0
16,ชาย,7301,7301,0
56,หญิง,3605,3605,0
59,ชาย,3109,3113,1
73,ชาย,9103,9103,0
36,ชาย,5203,5203,0
31,ชาย,3014,3014,0
65,ชาย,5717,5717,0
48,ชาย,3407,2106,2
25,ชาย,9101,9103,1
70,ชาย,7207,7207,0
55,หญิง,4104,4104,0
67,ชาย,5304,5304,0
24,ชาย,7005,7005,0
29,หญิง,3603,3603,0
62,หญิง,5307,5307,0
36,ชาย,4505,4505,0
46,หญิง,7305,7305,0
65,หญิง,9209,9209,0
15,ชาย,6202,6607,2
56,หญิง,1701,1503,2
43,หญิง,7403,7401,1
28,ชาย,9209,9209,0
33,หญิง,9206,9206,0
46,ชาย,6509,6509,0
63,ชาย,2103,2103,0
50,หญิง,4608,4608,0
49,หญิง,1701,1503,2
8,ชาย,4201,4201,0
28,ชาย,1506,1501,1
58,หญิง,5401,5401,0
69,ชาย,5024,5106,2
59,หญิง,4403,4403,0
57,หญิง,1027,1047,1
63,หญิง,8501,8501,0
67,หญิง,6501,6501,0
60,หญิง,3701,3701,0
51,หญิง,5608,5608,0
48,ชาย,1601,1601,0
27,หญิง,3704,3704,0
31,ชาย,6401,6401,0
55,ชาย,4505,4501,1
68,ชาย,3904,3904,0
23,ชาย,4007,4004,1
32,ชาย,3901,3901,0
80,ชาย,4601,4601,0
55,หญิง,6005,6005,0
29,ชาย,1026,1007,1
35,หญิง,3701,3701,0
34,ชาย,3905,4118,2
69,หญิง,4204,4204,0
64,ชาย,6010,6008,1
62,ชาย,3701,3701,0
82,หญิง,3208,3208,0
31,หญิง,9201,9206,1
46,ชาย,5602,5602,0
66,ชาย,3905,3905,0
16,ชาย,6501,6501,0
20,หญิง,4803,4803,0
29,ชาย,7101,7101,0
17,ชาย,2010,7302,2
69,หญิง,3216,3216,0
51,ชาย,5201,5201,0
18,ชาย,5704,5704,0
69,ชาย,6508,6508,0
76,หญิง,3217,3217,0
73,ชาย,6009,6009,0
26,ชาย,3211,3211,0
63,หญิง,3207,3207,0
22,ชาย,5201,5201,0
42,ชาย,6501,6501,0
14,ชาย,6501,6501,0
16,หญิง,2508,2508,0
25,หญิง,4809,4809,0
49,ชาย,4104,4104,0
46,ชาย,4903,4901,1
75,หญิง,4013,4013,0
32,ชาย,4609,4701,2
33,ชาย,7604,7604,0
45,ชาย,4502,4502,0
37,ชาย,5401,5401,0
15,หญิง,2502,2502,0
16,ชาย,5309,5301,1
22,หญิง,7701,7701,0
80,ชาย,5401,5401,0
75,หญิง,3310,3310,0
22,ชาย,4617,4601,1
80,ชาย,1105,1105,0
82,ชาย,4902,4902,0
15,หญิง,4603,4601,1
19,ชาย,3904,3904,0
13,หญิง,3311,3321,1
62,หญิง,4904,4904,0
27,ชาย,7109,7109,0
75,ชาย,3010,3010,0
52,ชาย,2602,2601,1
34,ชาย,7001,7005,1
24,ชาย,2403,2403,0
63,หญิง,2602,2601,1
60,หญิง,4407,4407,0
68,ชาย,4007,4007,0
19,ชาย,2503,2502,1
19,ชาย,7702,7708,1
43,ชาย,7008,7008,0
79,ชาย,8009,8009,0
47,ชาย,3106,3106,0
59,ชาย,6701,6701,0
56,หญิง,6203,6203,0
62,ชาย,7206,7206,0
87,ชาย,8023,8023,0
31,ชาย,3203,3203,0
63,หญิง,6207,6207,0
76,หญิง,7601,7601,0
75,หญิง,3018,3018,0
49,ชาย,4125,4109,1
49,ชาย,6501,6501,0
19,ชาย,6106,1106,2
30,ชาย,9410,7602,2
36,ชาย,1045,4001,2
60,หญิง,5001,5001,0
76,ชาย,6708,6708,0
20,ชาย,30,30,0
56,ชาย,3407,3407,0
36,ชาย,6201,6201,0
46,ชาย,5601,5601,0
51,ชาย,4107,4712,2
68,หญิง,6708,6708,0
27,ชาย,3308,1411,2
65,ชาย,3305,3305,0
61,หญิง,5712,5704,1
71,ชาย,8106,8106,0
67,ชาย,4616,5705,2
14,หญิง,3309,3309,0
35,ชาย,3421,3421,0
72,ชาย,6103,6011,2
54,หญิง,2208,2107,2
40,หญิง,3318,3310,1
53,ชาย,3018,3018,0
43,ชาย,5206,5213,1
42,ชาย,8101,8101,0
52,หญิง,3320,3316,1
16,ชาย,1406,1302,2
35,ชาย,4117,4207,2
61,หญิง,3305,3305,0
61,ชาย,3801,4804,2
11,หญิง,6401,6401,0
20,ชาย,1205,1305,2
62,ชาย,6001,6008,1
74,ชาย,3310,3310,0
30,ชาย,5203,5203,0
36,ชาย,4101,4104,1
35,ชาย,4607,4211,2
38,ชาย,3411,3411,0
33,ชาย,6406,6406,0
15,ชาย,3007,3007,0
61,ชาย,6107,6107,0
23,หญิง,3301,3301,0
69,หญิง,4104,4104,0
66,ชาย,7605,7605,0
49,ชาย,4212,4212,0
28,ชาย,6105,6107,1
21,ชาย,3322,3309,1
15,หญิง,5708,5707,1
63,หญิง,1601,1601,0
61,ชาย,4201,4201,0
18,ชาย,4901,4901,0
84,ชาย,6407,6407,0
72,หญิง,4201,4201,0
30,ชาย,4103,4207,2
28,ชาย,2105,2105,0
55,หญิง,4204,4201,1
26,ชาย,3405,3405,0
64,ชาย,3415,3415,0
17,หญิง,4617,4617,0
77,ชาย,5401,5401,0
29,ชาย,3407,3407,0
31,ชาย,3104,3104,0
40,หญิง,3002,3002,0
65,ชาย,5406,5401,1
20,ชาย,3024,3024,0
64,หญิง,8411,8411,0
32,ชาย,6204,6003,2
72,หญิง,5406,5406,0
59,ชาย,3404,3013,2
11,ชาย,6001,6001,0
42,ชาย,9209,9209,0
27,หญิง,5203,6001,2
47,ชาย,1303,1303,0
32,ชาย,3205,3205,0
29,ชาย,3607,3607,0
46,หญิง,6503,6503,0
43,ชาย,1911,3021,2
31,หญิง,1606,1601,1
48,ชาย,3206,3209,1
52,หญิง,3114,3114,0
35,ชาย,3212,3209,1
45,ชาย,4609,4601,1
16,หญิง,9003,9012,1
61,ชาย,4010,4010,0
16,ชาย,3104,3105,1
31,ชาย,7005,6206,2
15,ชาย,1701,1702,1
41,ชาย,5707,5707,0
66,ชาย,5309,5309,0
29,ชาย,4012,2004,2
52,ชาย,7301,7005,2
41,ชาย,4806,4807,1
19,หญิง,7101,7111,1
20,ชาย,4001,4404,2
42,หญิง,3319,3319,0
58,ชาย,5401,5401,0
4,ชาย,9605,9605,0
23,หญิง,9605,9605,0
12,ชาย,1403,1403,0
27,ชาย,6003,6002,1
28,ชาย,3606,3601,1
43,ชาย,3701,3501,2
4,ชาย,3014,3018,1
66,หญิง,3301,3301,0
17,ชาย,3419,3419,0
16,หญิง,4019,4019,0
63,ชาย,5015,5015,0
35,ชาย,4004,4004,0
41,ชาย,4001,4001,0
49,ชาย,1022,1303,2
53,ชาย,6206,6206,0
64,ชาย,4125,4125,0
48,หญิง,4301,4314,1
44,หญิง,5015,5212,2
22,หญิง,3506,4501,2
21,ชาย,6504,6504,0
32,ชาย,5601,5601,0
63,ชาย,7103,7103,0
20,ชาย,9106,3610,2
73,ชาย,9401,9401,0
41,ชาย,4301,4301,0
19,ชาย,5509,5509,0
55,ชาย,6707,6708,1
49,ชาย,6707,6708,1
69,หญิง,7201,7201,0
27,ชาย,7101,7101,0
58,ชาย,4716,4716,0
19,ชาย,7701,7701,0
62,หญิง,5015,5015,0
72,ชาย,6001,6001,0
51,หญิง,4007,4007,0
23,หญิง,7703,7703,0
16,หญิง,3305,3305,0
68,ชาย,4405,1305,2
46,หญิง,4501,4501,0
13,ชาย,3205,3205,0
43,ชาย,4701,4701,0
64,ชาย,5406,5406,0
49,หญิง,1106,1106,0
61,ชาย,2702,2702,0
67,ชาย,6001,6001,0
68,ชาย,5015,5015,0
56,ชาย,1106,1106,0
50,ชาย,3504,3504,0
42,ชาย,1026,1103,2
71,หญิง,9005,9005,0
71,ชาย,3110,3110,0
46,ชาย,3301,3301,0
16,ชาย,4601,4601,0
52,หญิง,6001,6001,0
28,ชาย,3008,3008,0
32,หญิง,4901,4901,0
39,ชาย,2701,1306,2
53,หญิง,3008,3008,0
46,ชาย,1303,1303,0
55,ชาย,3209,3209,0
32,ชาย,4801,4803,1
21,ชาย,3411,3415,1
49,ชาย,3205,3205,0
48,ชาย,7701,7701,0
74,ชาย,2303,3906,2
74,ชาย,2303,3906,2
80,ชาย,4409,4409,0
30,ชาย,3604,3014,2
32,ชาย,4005,4005,0
66,ชาย,8101,8101,0
20,ชาย,4308,4301,1
25,ชาย,3507,1306,2
61,หญิง,8402,8402,0
48,ชาย,9206,7704,2
14,ชาย,1103,1103,0
46,ชาย,1401,1406,1
31,ชาย,1302,1302,0
26,ชาย,2703,2703,0
61,ชาย,4307,4307,0
68,ชาย,5701,5701,0
15,หญิง,1404,1406,1
46,ชาย,9005,9005,0
50,ชาย,6007,6007,0
21,ชาย,1302,1302,0
68,ชาย,5009,5009,0
65,ชาย,1028,1028,0
48,หญิง,5301,5301,0
27,ชาย,1302,1302,0
68,ชาย,4308,4308,0
63,ชาย,8203,8204,1
31,ชาย,1005,1303,2
53,ชาย,3021,3021,0
66,ชาย,4308,4308,0
48,ชาย,1302,1302,0
73,ชาย,5011,5011,0
28,ชาย,7402,7402,0
74,ชาย,6303,1005,2
54,ชาย,1611,1611,0
21,ชาย,1101,1103,1
17,ชาย,4208,4201,1
32,หญิง,6301,6301,0
46,ชาย,3108,3108,0
46,ชาย,4103,2103,2
61,ชาย,5009,5009,0
44,ชาย,4712,1305,2
52,ชาย,3026,3008,1
18,ชาย,1303,1303,0
63,หญิง,3021,6012,2
19,ชาย,3312,2204,2
38,ชาย,5014,5501,2
21,ชาย,1101,1103,1
30,ชาย,4315,4315,0
20,หญิง,1401,1414,1
48,ชาย,3008,3008,0
57,ชาย,4510,1303,2
64,ชาย,6013,6013,0
20,ชาย,8418,8418,0
70,หญิง,5012,5012,0
74,ชาย,2204,2204,0
14,ชาย,3405,3405,0
51,ชาย,5009,5009,0
35,ชาย,4401,4401,0
40,ชาย,6013,6013,0
54,ชาย,8418,8418,0
28,ชาย,3508,5015,2
50,ชาย,1010,1010,0
38,ชาย,1601,1602,1
23,ชาย,3209,3205,1
79,ชาย,3118,3118,0
34,ชาย,4801,4801,0
4,ชาย,8601,8406,2
63,ชาย,1307,1307,0
53,ชาย,1302,1302,0
47,ชาย,7106,1011,2
29,ชาย,3203,3203,0
4,ชาย,8601,8406,2
22,ชาย,1307,1301,1
63,ชาย,5807,5807,0
52,ชาย,3905,3015,2
71,ชาย,2301,2301,0
27,หญิง,1412,1401,1
59,ชาย,4403,4403,0
56,ชาย,6101,6004,2
48,ชาย,1005,1306,2
23,ชาย,1601,1601,0
28,หญิง,3210,8402,2
48,ชาย,4712,4712,0
28,หญิง,8601,8406,2
21,ชาย,5007,5805,2
64,ชาย,1414,1506,2
49,ชาย,6403,6402,1
23,ชาย,1402,1403,1
38,ชาย,4708,4025,2
32,ชาย,1303,1303,0
28,ชาย,3203,1011,2
12,ชาย,3202,3202,0
73,หญิง,8603,8406,2
30,ชาย,3904,6001,2
17,ชาย,1402,1406,1
36,ชาย,4409,4409,0
17,ชาย,1023,1015,1
37,ชาย,3401,3401,0
52,ชาย,5402,5402,0
30,หญิง,3405,1306,2
15,ชาย,1410,1410,0
32,ชาย,3027,3029,1
55,ชาย,7203,6106,2
25,หญิง,3401,1017,2
79,ชาย,3201,3201,0
43,ชาย,3103,3103,0
71,หญิง,8603,8406,2
21,หญิง,4507,3001,2
17,หญิง,7208,1408,2
53,ชาย,3008,3020,1
43,ชาย,6407,6407,0
48,ชาย,1025,9011,2
75,ชาย,1018,1018,0
63,หญิง,1801,1801,0
33,หญิง,4701,4704,1
74,หญิง,8406,8406,0
74,ชาย,6403,6403,0
59,หญิง,1048,1019,1
62,ชาย,3206,3206,0
47,หญิง,1010,1046,1
39,หญิง,7503,7401,2
86,ชาย,8407,8407,0
50,ชาย,3002,3002,0
25,ชาย,3408,6007,2
21,ชาย,3002,3001,1
23,ชาย,8404,8404,0
35,ชาย,1202,1202,0
25,ชาย,7207,1020,2
36,ชาย,7503,7401,2
80,หญิง,8407,8407,0
24,ชาย,3101,1306,2
26,ชาย,3701,3701,0
36,หญิง,6409,6501,2
23,ชาย,1406,1411,1
63,ชาย,1414,1414,0
46,ชาย,7605,7601,1
65,ชาย,3506,3506,0
40,ชาย,8408,8408,0
66,ชาย,3018,3018,0
65,ชาย,6203,6201,1
18,หญิง,7601,7604,1
26,ชาย,1902,1902,0
75,หญิง,1203,1203,0
87,ชาย,4102,4101,1
17,ชาย,1021,1050,1
71,ชาย,8412,8412,0
54,หญิง,1404,1406,1
76,ชาย,1408,1408,0
66,ชาย,7607,7607,0
42,ชาย,4502,1024,2
30,ชาย,2303,2301,1
21,ชาย,4119,4101,1
36,ชาย,1606,7401,2
24,ชาย,1303,1303,0
44,ชาย,6201,6201,0
50,หญิง,4201,1406,2
41,ชาย,7601,7605,1
23,ชาย,2004,2401,2
38,ชาย,1903,1905,1
69,ชาย,5511,5511,0
73,ชาย,7402,7402,0
18,ชาย,2207,2207,0
56,ชาย,5025,5025,0
50,หญิง,8411,8417,1
25,หญิง,3012,1302,2
26,ชาย,7001,7001,0
57,หญิง,6009,6009,0
52,ชาย,6405,6405,0
30,ชาย,9201,9201,0
21,หญิง,6201,6201,0
55,ชาย,3501,4607,2
30,ชาย,4506,3508,2
15,ชาย,3019,3001,1
36,ชาย,7204,1412,2
66,ชาย,8401,8401,0
56,ชาย,5201,5006,2
17,หญิง,7608,7604,1
16,ชาย,1006,1027,1
66,หญิง,4122,2007,2
59,ชาย,1909,1910,1
18,หญิง,1205,1205,0
30,ชาย,7402,7402,0
37,ชาย,5101,5019,2
51,ชาย,7301,7301,0
29,ชาย,1201,1028,2
38,หญิง,4122,2007,2
52,ชาย,4024,8401,2
47,ชาย,5009,5009,0
19,ชาย,8417,8401,1
44,ชาย,3008,3008,0
31,ชาย,8406,8407,1
21,ชาย,6501,6501,0
47,ชาย,1409,1903,2
27,ชาย,1025,1202,2
49,หญิง,3310,2203,2
75,ชาย,8415,8415,0
39,ชาย,6014,6014,0
61,หญิง,6508,6501,1
19,ชาย,7113,1032,2
30,ชาย,2404,2404,0
50,ชาย,1206,1206,0
31,ชาย,3201,3201,0
31,ชาย,2208,2209,1
25,หญิง,3601,3601,0
36,ชาย,1103,6501,2
14,ชาย,1502,1502,0
17,ชาย,2404,2404,0
71,ชาย,3322,3322,0
59,ชาย,4501,4501,0
31,หญิง,9208,9205,1
56,ชาย,1501,1501,0
24,ชาย,3001,3001,0
28,ชาย,5405,2404,2
22,ชาย,3322,2401,2
21,ชาย,1606,1206,2
30,ชาย,3204,3204,0
20,หญิง,7306,1005,2
66,ชาย,1301,1301,0
34,ชาย,9208,9205,1
57,ชาย,5101,5101,0
34,หญิง,7008,7601,2
39,หญิง,2401,2405,1
16,ชาย,3615,3601,1
35,ชาย,3504,3504,0
20,ชาย,5014,5019,1
42,หญิง,7401,7401,0
21,หญิง,3210,1005,2
36,ชาย,2204,2205,1
64,ชาย,6604,6604,0
46,ชาย,6507,6507,0
82,ชาย,1602,1602,0
79,ชาย,7702,7702,0
58,ชาย,1033,1033,0
28,ชาย,1027,1201,2
55,หญิง,7503,7503,0
65,ชาย,8404,8404,0
28,ชาย,6407,8404,2
28,ชาย,1305,1305,0
68,ชาย,9202,9202,0
75,ชาย,8604,8604,0
35,ชาย,3112,3112,0
49,ชาย,5103,5103,0
32,ชาย,1206,1036,2
19,ชาย,2408,2408,0
15,ชาย,6502,6502,0
21,ชาย,4519,1102,2
50,ชาย,3213,3213,0
51,หญิง,6302,1010,2
44,ชาย,2304,2304,0
25,ชาย,5715,5001,2
62,ชาย,8404,8404,0
67,หญิง,3001,3001,0
60,หญิง,1603,1603,0
21,ชาย,5213,5101,2
26,หญิง,5407,1038,2
57,ชาย,3114,2409,2
55,ชาย,3209,3209,0
53,ชาย,9201,9201,0
35,ชาย,7704,7704,0
17,ชาย,1104,1040,2
64,ชาย,7206,2409,2
74,ชาย,8205,8205,0
29,ชาย,5603,5702,2
21,หญิง,4901,4901,0
24,ชาย,5013,5001,1
64,หญิง,3604,3604,0
19,ชาย,3021,3021,0
17,ชาย,1306,1306,0
49,ชาย,6706,1604,2
35,ชาย,8607,8607,0
29,ชาย,1019,1040,1
23,หญิง,1020,1019,1
21,ชาย,6601,6601,0
31,ชาย,5206,1306,2
28,ชาย,1606,1601,1
15,หญิง,2401,2411,1
51,ชาย,3303,3610,2
16,หญิง,3420,2005,2
36,ชาย,6604,1302,2
29,หญิง,5016,5016,0
30,ชาย,1301,1301,0
60,หญิง,5011,5011,0
18,ชาย,1046,1306,2
66,ชาย,6501,6501,0
21,ชาย,5103,5101,1
37,ชาย,7708,7708,0
36,ชาย,3301,3301,0
25,ชาย,5002,5002,0
41,ชาย,3807,1303,2
48,หญิง,3029,3029,0
65,หญิง,1607,1607,0
67,ชาย,6405,6405,0
56,หญิง,1304,1304,0
58,ชาย,3312,3312,0
35,ชาย,5016,5016,0
24,ชาย,1901,1901,0
26,ชาย,5005,5005,0
66,ชาย,6701,6701,0
35,หญิง,1411,1414,1
62,หญิง,3001,3001,0
69,หญิง,9205,9205,0
35,ชาย,8601,8601,0
35,ชาย,3611,4001,2
75,ชาย,5711,5711,0
70,หญิง,9009,9009,0
25,หญิง,1305,1305,0
24,หญิง,1105,1104,1
20,หญิง,5012,5015,1
30,ชาย,1407,1401,1
23,ชาย,1405,2404,2
47,ชาย,3009,3009,0
53,ชาย,8401,1301,2
41,ชาย,3101,3101,0
16,ชาย,3603,3603,0
22,หญิง,8023,2006,2
26,ชาย,5704,5704,0
19,ชาย,5102,7307,2
42,หญิง,1405,2404,2
44,ชาย,6703,6703,0
16,หญิง,6608,6608,0
29,หญิง,2601,1301,2
39,ชาย,4301,3807,2
27,ชาย,7005,7303,2
19,หญิง,3304,3304,0
30,ชาย,2002,2002,0
11,หญิง,1412,1412,0
72,ชาย,4511,4511,0
73,ชาย,6608,6608,0
61,หญิง,9202,9202,0
14,ชาย,3103,3103,0
70,ชาย,3206,3206,0
30,ชาย,1032,1044,1
22,หญิง,9005,9005,0
41,หญิง,4121,1101,2
8,หญิง,7702,7702,0
44,ชาย,2301,2301,0
31,ชาย,6707,6707,0
18,ชาย,1406,1406,0
48,หญิง,6103,6103,0
66,ชาย,3105,3105,0
80,ชาย,3202,3202,0
31,ชาย,3205,3206,1
26,ชาย,1039,1301,2
56,ชาย,6102,1101,2
26,หญิง,3107,2406,2
30,ชาย,3021,6105,2
42,ชาย,9004,9004,0
31,ชาย,5701,5701,0
76,ชาย,1413,1413,0
70,ชาย,6102,6102,0
47,หญิง,8408,8417,1
25,ชาย,30,1303,2
37,ชาย,4405,1302,2
59,ชาย,6605,6605,0
41,ชาย,1023,1048,1
20,ชาย,1030,1005,1
19,ชาย,6102,6102,0
69,ชาย,6401,6506,2
34,ชาย,1049,1049,0
42,ชาย,5805,1205,2
30,ชาย,8406,8406,0
15,หญิง,9011,9001,1
20,ชาย,5201,5001,2
20,ชาย,5016,5001,1
39,ชาย,6010,6101,2
53,ชาย,3105,3105,0
21,หญิง,9009,9009,0
49,ชาย,1803,1806,1
62,ชาย,3210,3210,0
33,ชาย,1050,1049,1
47,ชาย,5019,5019,0
19,ชาย,7201,1305,2
28,ชาย,3607,3606,1
26,ชาย,1413,1412,1
15,ชาย,3107,3107,0
61,หญิง,6604,6604,0
65,ชาย,6506,6506,0
20,ชาย,9009,9009,0
54,ชาย,1801,1801,0
31,ชาย,8007,8007,0
46,ชาย,4605,3201,2
80,ชาย,3701,3701,0
22,ชาย,3414,3414,0
73,ชาย,9502,9502,0
25,ชาย,1601,1602,1
58,ชาย,7203,2001,2
33,ชาย,2501,2501,0
51,ชาย,4401,2007,2
14,ชาย,1405,1403,1
44,ชาย,3415,3415,0
45,ชาย,5014,5014,0
21,หญิง,1401,1401,0
28,หญิง,9409,9502,2
15,ชาย,6204,6204,0
53,ชาย,2410,4501,2
78,ชาย,6611,6605,1
40,ชาย,4001,1401,2
35,ชาย,2003,2003,0
61,ชาย,3702,3702,0
25,ชาย,4107,1306,2
17,ชาย,3405,3405,0
26,ชาย,1017,1017,0
44,หญิง,2502,2502,0
22,ชาย,3601,3601,0
22,ชาย,5203,5211,1
31,ชาย,6206,6206,0
71,ชาย,6205,8501,2
41,ชาย,1611,1601,1
48,ชาย,5309,5309,0
24,หญิง,3808,3801,1
41,ชาย,4709,1026,2
37,ชาย,1502,1201,2
56,หญิง,1702,1702,0
56,หญิง,1801,1801,0
19,ชาย,3101,3101,0
5,ชาย,3808,3801,1
76,ชาย,1407,1407,0
58,หญิง,1023,7401,2
15,ชาย,1304,1303,1
22,ชาย,3410,3407,1
19,ชาย,5101,5101,0
70,ชาย,4613,4613,0
54,ชาย,3203,3201,1
22,ชาย,2408,2508,2
51,หญิง,6001,6002,1
27,ชาย,6208,1302,2
29,ชาย,3412,1406,2
21,ชาย,3503,1019,2
32,ชาย,1032,5212,2
44,ชาย,3119,3119,0
62,ชาย,9505,9505,0
39,ชาย,2009,1704,2
61,ชาย,3101,3107,1
47,หญิง,4110,1106,2
54,ชาย,3801,3801,0
31,หญิง,7209,1411,2
56,ชาย,5001,5001,0
33,ชาย,7403,7403,0
23,หญิง,3605,1021,2
23,ชาย,2507,2507,0
15,หญิง,8603,8603,0
62,ชาย,1602,1602,0
36,ชาย,1803,6209,2
43,ชาย,8603,8603,0
77,ชาย,9506,9506,0
64,หญิง,4608,4608,0
19,ชาย,6507,6507,0
20,ชาย,9603,9003,2
55,ชาย,3904,3901,1
66,ชาย,7403,7403,0
38,ชาย,1021,1021,0
18,ชาย,2011,2508,2
36,หญิง,1602,1602,0
37,ชาย,4106,1603,2
34,ชาย,2007,1103,2
18,หญิง,2503,2502,1
66,ชาย,3901,3901,0
23,ชาย,7403,7403,0
46,ชาย,6704,6703,1
38,หญิง,8011,8011,0
30,ชาย,7303,2004,2
35,ชาย,3901,3901,0
60,ชาย,6003,6008,1
20,ชาย,7403,7403,0
52,ชาย,1302,1302,0
70,ชาย,5106,5106,0
23,ชาย,1302,1602,2
36,ชาย,3404,4516,2
34,ชาย,1605,1605,0
27,ชาย,4607,4601,1
48,ชาย,2601,2601,0
23,ชาย,5103,5002,2
39,ชาย,3706,1022,2
23,ชาย,3707,3707,0
25,ชาย,7001,7001,0
57,ชาย,6402,6301,2
13,ชาย,8601,8607,1
39,ชาย,1603,1607,1
36,ชาย,4518,4501,1
35,ชาย,8023,1901,1
74,ชาย,5401,5401,0
55,ชาย,2603,2603,0
43,ชาย,7306,1306,2
34,ชาย,3422,1027,2
20,ชาย,5212,5203,1
15,ชาย,1603,1603,0
46,ชาย,1601,1601,0
33,หญิง,6706,6706,0
27,หญิง,7205,1801,2
16,ชาย,1106,1101,1
37,ชาย,6405,2004,2
25,ชาย,6006,6006,0
58,ชาย,5201,5201,0
29,ชาย,4511,45,1
21,ชาย,9001,9001,0
58,หญิง,1801,1801,0
75,ชาย,4706,4706,0
43,หญิง,6501,6501,0
78,ชาย,9202,9201,1
29,ชาย,4907,1601,2
27,ชาย,6409,7402,2
69,ชาย,1407,5203,2
33,ชาย,1031,1031,0
39,ชาย,7005,7005,0
59,ชาย,1604,1604,0
19,ชาย,9015,9001,1
17,ชาย,9602,9610,1
74,หญิง,3310,3310,0
36,หญิง,3023,1101,2
48,ชาย,5105,2603,2
69,ชาย,8602,8602,0
15,ชาย,3203,2007,2
43,ชาย,1301,1303,1
60,ชาย,2502,2502,0
28,หญิง,7005,7005,0
36,ชาย,1604,1604,0
72,ชาย,6307,6307,0
50,หญิง,4601,4607,1
26,ชาย,8603,8603,0
34,ชาย,4503,1604,2
45,ชาย,7005,5101,2
84,ชาย,5201,5201,0
77,ชาย,3807,3801,1
54,ชาย,7005,7005,0
18,ชาย,1605,1601,1
39,ชาย,9009,9009,0
27,ชาย,9607,9612,1
47,ชาย,5608,5608,0
64,ชาย,2601,2601,0
80,ชาย,4003,4003,0
61,ชาย,5201,5201,0
35,ชาย,1032,1034,1
13,ชาย,3401,3401,0
29,หญิง,1606,1606,0
48,หญิง,4402,4501,2
42,ชาย,4708,4708,0
45,ชาย,3304,3304,0
52,ชาย,8108,8101,1
80,หญิง,2701,2701,0
43,ชาย,6104,6104,0
17,ชาย,8607,8601,1
62,ชาย,4004,4004,0
17,ชาย,5210,5201,1
65,ชาย,6705,1609,2
77,หญิง,1706,1706,0
54,ชาย,6404,2002,2
39,ชาย,3114,5609,2
62,หญิง,1202,1202,0
14,ชาย,2701,2701,0
12,ชาย,6104,6104,0
42,หญิง,8607,8607,0
50,ชาย,1301,1036,2
28,ชาย,3701,3701,0
20,ชาย,3902,3902,0
19,ชาย,9003,9001,1
53,ชาย,1704,1401,2
65,ชาย,3201,3205,1
13,ชาย,6501,6501,0
31,ชาย,3304,2002,2
43,ชาย,8201,8201,0
25,ชาย,4010,4010,0
17,ชาย,6201,6201,0
21,ชาย,7602,7008,2
57,ชาย,6407,6407,0
83,ชาย,1702,1702,0
72,ชาย,6608,6608,0
14,ชาย,7008,7008,0
68,หญิง,6408,6407,1
43,ชาย,3204,3204,0
33,ชาย,4712,4712,0
35,หญิง,6609,6609,0
64,ชาย,2005,2005,0
29,ชาย,7701,1201,2
28,ชาย,6208,6207,1
25,ชาย,1104,1038,2
49,ชาย,7005,7005,0
67,ชาย,3205,3205,0
64,ชาย,6004,6612,2
29,ชาย,8205,8205,0
28,ชาย,7111,6205,2
36,ชาย,5002,1039,1
12,ชาย,4601,1306,2
47,หญิง,3121,3101,1
33,ชาย,1806,1806,0
34,ชาย,3205,3205,0
12,ชาย,6612,6612,0
35,ชาย,9201,9201,0
53,ชาย,3407,3407,0
53,ชาย,3101,3101,0
49,ชาย,9003,9011,1
21,ชาย,3206,3206,0
21,ชาย,4105,1901,2
30,ชาย,4705,4705,0
53,หญิง,9201,9201,0
25,ชาย,2103,2103,0
24,ชาย,3003,1201,2
86,ชาย,6201,6201,0
14,ชาย,5601,5601,0
57,ชาย,5301,5302,1
62,ชาย,1806,1806,0
24,ชาย,4004,4005,1
56,ชาย,3402,3205,2
51,ชาย,9202,9202,0
71,ชาย,2007,2007,0
39,ชาย,1201,1201,0
36,ชาย,4020,4020,0
23,ชาย,4701,4701,0
20,ชาย,8108,8101,1
17,ชาย,2704,2701,1
43,ชาย,6401,6403,1
62,ชาย,7007,7007,0
31,ชาย,5704,5704,0
44,ชาย,4403,4001,2
57,ชาย,6208,6208,0
24,ชาย,7708,7702,1
53,หญิง,3107,3107,0
29,ชาย,4712,4712,0
22,ชาย,1902,1902,0
19,ชาย,9204,9203,1
29,ชาย,4511,2001,2
4,ชาย,8404,8404,0
20,หญิง,5101,5101,0
69,หญิง,1902,1902,0
65,หญิง,5302,5309,1
32,ชาย,3107,3107,0
47,ชาย,9004,9004,0
18,ชาย,1807,1807,0
74,ชาย,3210,3210,0
40,ชาย,4701,4714,1
28,ชาย,7001,7007,1
65,ชาย,4302,4302,0
62,ชาย,1902,1902,0
44,ชาย,8301,9201,2
34,ชาย,2705,2001,2
21,ชาย,3419,3419,0
33,ชาย,8203,8301,2
26,ชาย,4205,4001,2
58,หญิง,6201,6201,0
32,ชาย,4903,6501,2
39,ชาย,6306,6306,0
23,ชาย,1043,1042,1
46,ชาย,4711,4712,1
23,ชาย,1403,1402,1
35,หญิง,4505,4505,0
38,ชาย,1104,1901,2
63,ชาย,2001,3205,2
51,หญิง,4702,4701,1
44,ชาย,2404,7009,2
30,ชาย,1904,1903,1
62,ชาย,9209,9209,0
19,ชาย,5718,5707,1
28,ชาย,3210,2106,2
65,ชาย,7403,7001,2
23,ชาย,6301,6301,0
62,หญิง,1702,1702,0
39,ชาย,2702,2702,0
64,หญิง,7106,7105,1
28,ชาย,9001,9011,1
30,ชาย,3117,3120,1
22,หญิง,6407,6501,2
18,ชาย,4712,4712,0
28,หญิง,3210,3201,1
60,ชาย,6701,6701,0
45,ชาย,5710,5711,1
34,ชาย,2108,2108,0
41,ชาย,6301,6304,1
74,ชาย,1801,1801,0
76,ชาย,8204,8204,0
4,ชาย,2704,2704,0
18,หญิง,5303,5301,1
18,หญิง,1905,1905,0
31,ชาย,8417,8417,0
47,ชาย,3414,2101,2
58,ชาย,6404,6404,0
55,ชาย,5405,5405,0
42,ชาย,7102,7106,1
61,ชาย,8023,8023,0
58,ชาย,9011,9011,0
21,ชาย,1909,1909,0
28,ชาย,4705,4705,0
45,ชาย,2709,2007,2
25,ชาย,3433,3433,0
21,หญิง,3429,1306,2
20,ชาย,9101,9009,2
52,ชาย,6405,6405,0
59,หญิง,9405,9407,1
51,ชาย,7703,7702,1
29,ชาย,3013,1043,2
43,ชาย,6405,6405,0
68,ชาย,9104,9104,0
52,ชาย,1908,1908,0
56,ชาย,6407,6407,0
60,หญิง,7707,7707,0
53,ชาย,8303,8303,0
15,ชาย,4010,4010,0
16,ชาย,1909,1909,0
15,ชาย,6703,6703,0
53,ชาย,3415,3415,0
40,หญิง,8417,8411,1
27,ชาย,1412,2201,2
18,ชาย,4004,4004,0
37,หญิง,7701,7701,0
46,ชาย,1504,1504,0
21,ชาย,7109,7109,0
38,ชาย,9202,9201,1
35,ชาย,4613,4613,0
28,ชาย,1909,1909,0
53,ชาย,3201,3201,0
59,ชาย,9301,9301,0
61,ชาย,1506,1506,0
23,หญิง,3301,1032,2
14,ชาย,2702,2704,1
23,หญิง,4101,4101,0
20,ชาย,1806,1806,0
29,หญิง,6004,3105,2
39,ชาย,4809,4809,0
52,ชาย,1911,1911,0
41,ชาย,8303,8303,0
70,ชาย,1206,1048,2
51,หญิง,4007,4001,1
47,ชาย,9101,9101,0
41,ชาย,1911,1911,0
34,หญิง,3014,3014,0
23,ชาย,1602,8023,2
21,หญิง,4801,4801,0
33,ชาย,6704,6709,1
32,ชาย,5511,5509,1
76,หญิง,8403,8403,0
44,ชาย,7306,1050,2
32,ชาย,2704,2704,0
72,ชาย,7101,7101,0
18,ชาย,8023,8023,0
41,ชาย,4801,1303,2
14,ชาย,2003,2003,0
26,ชาย,1303,1301,1
20,หญิง,3002,7306,2
21,ชาย,6301,6301,0
53,ชาย,6503,6503,0
80,ชาย,5401,5401,0
23,ชาย,2703,2706,1
29,ชาย,8023,8023,0
39,ชาย,3303,2007,2
41,ชาย,6710,6710,0
46,ชาย,4001,1301,2
42,ชาย,1204,5403,2
23,ชาย,3205,3205,0
70,ชาย,1304,1304,0
26,หญิง,4208,4001,2
38,หญิง,4503,8023,2
19,ชาย,3601,2401,2
57,ชาย,5404,5405,1
39,ชาย,3214,1050,2
22,ชาย,3205,3205,0
68,ชาย,1909,1910,1
50,หญิง,5407,5407,0
21,ชาย,3016,1903,2
40,ชาย,4905,4904,1
64,ชาย,1102,1102,0
39,ชาย,1902,1902,0
77,หญิง,9206,9206,0
22,หญิง,1402,1910,2
15,ชาย,3303,3303,0
32,ชาย,5404,5402,1
75,ชาย,3209,3209,0
62,ชาย,9206,9206,0
41,หญิง,3410,3304,2
35,หญิง,3006,8401,2
64,ชาย,5406,5406,0
26,ชาย,8417,8417,0
56,ชาย,1104,1103,1
27,ชาย,4601,4601,0
23,ชาย,4805,4801,1
24,ชาย,7101,7109,1
64,ชาย,1801,1801,0
51,ชาย,1911,1911,0
17,หญิง,3306,3306,0
28,ชาย,3305,1411,2
22,ชาย,1046,1303,2
25,ชาย,1901,1901,0
42,ชาย,5405,5405,0
30,ชาย,4701,4701,0
71,หญิง,3314,3308,1
44,ชาย,6206,1706,2
37,ชาย,1901,1910,1
23,ชาย,6204,6405,2
21,หญิง,8404,8404,0
34,ชาย,3609,1103,2
17,ชาย,9202,9202,0
72,ชาย,7210,7203,1
24,ชาย,4617,1903,2
45,ชาย,6403,1302,2
28,ชาย,2202,2201,1
11,หญิง,1105,1105,0
46,ชาย,1909,1909,0
60,ชาย,5004,5004,0
42,ชาย,4012,1302,2
16,ชาย,4109,4101,1
20,ชาย,4125,4101,1
34,ชาย,6701,1106,2
32,ชาย,5405,5405,0
17,ชาย,4707,4703,1
32,หญิง,7003,7002,1
59,ชาย,1303,1306,1
18,หญิง,4124,4101,1
25,ชาย,4315,3803,2
18,ชาย,1601,1601,0
21,ชาย,1102,1106,1
19,หญิง,4001,4001,0
20,หญิง,4906,4907,1
22,หญิง,8023,1910,1
42,หญิง,7003,7003,0
43,หญิง,2004,2007,1
81,หญิง,4101,4101,0
15,ชาย,6401,6401,0
29,ชาย,4101,4101,0
22,ชาย,3110,2002,2
39,ชาย,3803,3803,0
46,ชาย,1101,1101,0
79,ชาย,7207,7101,2
37,ชาย,3203,3203,0
49,หญิง,3702,4903,2
39,ชาย,7002,7003,1
71,ชาย,2103,2007,2
28,ชาย,3411,1203,2
41,หญิง,4708,2002,2
36,ชาย,1101,1101,0
67,ชาย,4708,4708,0
31,ชาย,6301,1901,2
15,ชาย,7005,7005,0
49,ชาย,3605,2007,2
37,ชาย,4314,1101,2
15,ชาย,9206,9206,0
38,ชาย,4301,5003,2
68,หญิง,7209,7209,0
56,ชาย,6001,6001,0
29,หญิง,6509,6609,2
30,ชาย,5707,5707,0
58,หญิง,1101,1101,0
63,ชาย,3006,3006,0
48,ชาย,2502,1903,2
54,ชาย,3201,3201,0
60,หญิง,4712,4712,0
18,ชาย,2002,2001,1
59,ชาย,7603,7601,1
20,ชาย,6103,2004,2
19,หญิง,5704,2002,2
32,ชาย,3015,3015,0
43,ชาย,4110,4110,0
64,หญิง,6504,6504,0
45,ชาย,1901,1902,1
24,ชาย,8101,8101,0
19,ชาย,5501,5501,0
65,ชาย,4712,4712,0
76,หญิง,6610,6610,0
13,ชาย,7702,7702,0
23,ชาย,8605,8604,1
65,ชาย,1403,1403,0
59,หญิง,3017,3017,0
53,หญิง,2202,2202,0
59,ชาย,3008,3008,0
23,ชาย,3501,3501,0
25,ชาย,4713,4713,0
28,ชาย,6703,2005,2
46,หญิง,2004,2004,0
13,ชาย,4111,4111,0
55,หญิง,4123,4123,0
34,ชาย,5605,5605,0
63,ชาย,1902,1901,1
15,ชาย,5509,5509,0
46,ชาย,1305,1305,0
25,ชาย,2006,2006,0
60,ชาย,4119,4119,0
40,ชาย,4305,4104,2
24,ชาย,6509,6601,2
63,ชาย,3901,3901,0
60,ชาย,3009,3010,1
54,ชาย,3111,1303,2
58,หญิง,8401,8401,0
32,ชาย,4104,2005,2
59,หญิง,4119,4119,0
71,ชาย,3902,3902,0
23,ชาย,4302,1902,2
73,ชาย,3701,3701,0
25,ชาย,1205,1205,0
23,ชาย,7206,7206,0
39,ชาย,3410,2409,2
50,หญิง,2203,2201,1
56,ชาย,8601,8601,0
18,หญิง,4403,4001,2
2,ชาย,7207,7207,0
62,ชาย,9301,9301,0
47,ชาย,2006,2006,0
44,หญิง,5021,5013,1
51,ชาย,3025,3025,0
47,ชาย,4119,4119,0
28,ชาย,2404,2404,0
14,ชาย,8504,8504,0
37,ชาย,6501,6501,0
66,หญิง,7208,7208,0
63,ชาย,9402,9402,0
52,ชาย,9105,9105,0
25,หญิง,2006,2006,0
66,ชาย,1414,1414,0
15,ชาย,4615,4110,2
19,ชาย,3906,3906,0
40,หญิง,1206,1206,0
32,ชาย,7210,7210,0
67,หญิง,2002,2006,1
35,ชาย,3007,2009,2
77,ชาย,9206,9206,0
69,ชาย,5016,5017,1
25,ชาย,9604,9604,0
56,หญิง,9003,9005,1
67,ชาย,3001,3031,1
28,ชาย,6507,6501,1
15,ชาย,2101,2007,2
46,ชาย,3804,3804,0
28,ชาย,3411,2001,2
39,ชาย,2009,2009,0
51,ชาย,4101,4101,0
25,ชาย,6701,6701,0
17,ชาย,2009,2009,0
31,ชาย,3701,30,2
34,หญิง,2108,2108,0
25,หญิง,4506,2001,2
22,ชาย,3905,3901,1
27,ชาย,9009,9011,1
73,ชาย,4103,4101,1
14,หญิง,2202,2201,1
17,ชาย,3906,3906,0
61,ชาย,5702,5702,0
31,หญิง,7203,6106,2
44,ชาย,2106,2007,2
64,ชาย,5024,5024,0
3,หญิง,3104,3104,0
60,ชาย,3903,3903,0
24,หญิง,7210,5711,2
28,ชาย,7203,6106,2
55,ชาย,3310,3321,1
35,ชาย,9506,9506,0
17,ชาย,3415,3415,0
32,ชาย,7301,7301,0
26,หญิง,4601,2001,2
49,ชาย,3002,3002,0
78,หญิง,3101,3101,0
14,ชาย,3901,3901,0
55,ชาย,3801,3801,0
49,หญิง,7301,7301,0
63,ชาย,7207,7207,0
16,ชาย,4211,4211,0
40,ชาย,3312,3312,0
25,ชาย,3430,3421,1
65,ชาย,6509,7301,2
43,ชาย,7306,2004,2
36,ชาย,3004,3001,1
61,ชาย,3201,3201,0
50,ชาย,4001,4001,0
15,ชาย,3904,3904,0
32,ชาย,4110,4101,1
34,ชาย,9501,9501,0
34,ชาย,4202,4201,1
19,ชาย,6708,6708,0
51,ชาย,3205,3205,0
29,ชาย,8607,8607,0
23,ชาย,3906,2001,2
28,ชาย,2002,2007,1
16,ชาย,2007,2007,0
67,ชาย,5019,5019,0
31,ชาย,1407,1407,0
20,ชาย,5710,5711,1
53,ชาย,7201,7201,0
42,ชาย,9507,9505,1
41,ชาย,4005,2007,2
32,ชาย,5002,5024,1
56,ชาย,3014,3014,0
32,ชาย,5006,5001,1
23,ชาย,4315,8301,2
20,หญิง,4001,4001,0
62,ชาย,6705,4105,2
15,ชาย,1603,2007,2
23,ชาย,3408,3407,1
49,หญิง,7302,1415,2
58,ชาย,4205,4205,0
55,ชาย,8301,8301,0
65,หญิง,6001,6001,0
37,ชาย,3706,8607,2
19,ชาย,1201,1201,0
35,ชาย,7501,7501,0
57,ชาย,2009,2009,0
52,หญิง,4901,4901,0
58,ชาย,5005,5005,0
34,ชาย,4106,4106,0
14,ชาย,9606,9606,0
14,ชาย,2007,2007,0
25,ชาย,2007,2007,0
65,ชาย,5002,5002,0
33,ชาย,4701,4703,1
22,ชาย,9610,9610,0
24,ชาย,1303,1302,1
63,หญิง,3016,3016,0
27,ชาย,3015,3015,0
58,ชาย,6204,7303,2
14,ชาย,1501,1801,2
18,ชาย,2001,2001,0
25,ชาย,3405,3405,0
26,ชาย,4601,2106,2
55,หญิง,4001,4001,0
16,ชาย,2006,2006,0
51,หญิง,3016,3016,0
53,ชาย,4111,4119,1
57,ชาย,5507,5504,1
37,ชาย,6106,2004,2
43,ชาย,2003,2106,2
20,ชาย,9610,9610,0
48,ชาย,1305,1305,0
34,ชาย,5504,5504,0
59,ชาย,3408,3408,0
26,ชาย,5014,5001,1
75,หญิง,7106,7106,0
15,ชาย,2502,2502,0
12,ชาย,3905,3902,1
19,ชาย,4025,1403,2
38,ชาย,2007,2007,0
24,ชาย,4012,1306,2
18,ชาย,9606,9606,0
51,ชาย,7005,7005,0
21,ชาย,4212,2009,2
38,ชาย,5022,5022,0
17,ชาย,8301,8101,2
46,ชาย,4018,4010,1
21,ชาย,4029,4001,1
39,ชาย,2007,2007,0
47,ชาย,4101,4101,0
18,ชาย,6007,6007,0
49,ชาย,4007,1301,2
43,หญิง,4111,4111,0
28,ชาย,7002,7007,1
21,หญิง,4710,2001,2
45,ชาย,7306,7306,0
32,ชาย,3410,3410,0
62,ชาย,5008,5008,0
39,หญิง,7201,7201,0
14,ชาย,1022,1501,2
16,ชาย,6506,6501,1
63,หญิง,7008,7008,0
24,ชาย,4008,4008,0
69,หญิง,1307,1307,0
55,ชาย,3003,3003,0
62,ชาย,4119,4101,1
58,ชาย,5512,5512,0
18,ชาย,7008,7008,0
59,ชาย,5009,5009,0
19,หญิง,1204,7307,2
41,ชาย,4001,4001,0
17,ชาย,9014,9011,1
70,ชาย,4119,4119,0
20,ชาย,1301,1301,0
84,หญิง,9102,9603,2
72,ชาย,7006,7007,1
44,ชาย,5213,5005,2
20,หญิง,1204,7307,2
29,ชาย,1037,1002,1
58,ชาย,2001,2001,0
37,ชาย,6211,2604,2
44,ชาย,1602,1602,0
29,ชาย,6609,6609,0
67,ชาย,2604,2604,0
40,หญิง,3013,2004,2
18,ชาย,9006,9006,0
49,ชาย,1306,1306,0
36,ชาย,7207,1401,2
64,หญิง,3001,3001,0
68,ชาย,6601,6509,2
63,ชาย,7005,7005,0
31,ชาย,2009,2004,1
49,ชาย,9014,9014,0
45,ชาย,6011,6011,0
25,ชาย,9105,9009,2
57,ชาย,3026,3021,1
62,ชาย,7208,7208,0
23,ชาย,3001,3001,0
50,ชาย,3201,3021,2
24,ชาย,7204,7201,1
17,ชาย,7001,7001,0
23,หญิง,1301,1301,0
19,ชาย,4214,4005,2
60,ชาย,5803,5803,0
40,ชาย,9011,9011,0
20,หญิง,4102,4101,1
21,ชาย,3804,3804,0
68,ชาย,1608,1608,0
60,ชาย,5707,9011,2
50,ชาย,4009,4610,2
39,ชาย,6102,6102,0
43,ชาย,5507,1302,2
76,หญิง,4203,4203,0
31,ชาย,3503,2007,2
50,ชาย,3433,3433,0
32,หญิง,7105,7209,2
55,ชาย,6301,6301,0
38,ชาย,4413,4001,2
27,ชาย,7305,1302,2
46,ชาย,3021,3021,0
62,ชาย,7302,7302,0
25,ชาย,2209,2201,1
30,ชาย,4001,4001,0
52,ชาย,2701,2701,0
52,ชาย,1302,4205,2
25,ชาย,3210,2001,2
70,ชาย,5106,5106,0
65,ชาย,7209,7209,0
59,ชาย,6501,6508,1
57,ชาย,4409,1404,2
19,ชาย,6704,6703,1
50,ชาย,2702,2702,0
44,ชาย,4001,4001,0
19,ชาย,5702,5702,0
40,หญิง,6201,6201,0
16,ชาย,7304,7302,1
55,หญิง,3408,3410,1
48,ชาย,3201,3201,0
43,หญิง,1608,1602,1
17,ชาย,2703,2703,0
61,หญิง,7109,7109,0
60,หญิง,6011,6011,0
24,ชาย,6201,6201,0
46,ชาย,3016,7303,2
36,ชาย,3121,2701,2
25,ชาย,7202,7210,1
73,ชาย,6001,6001,0
22,ชาย,4101,4101,0
22,ชาย,6201,6201,0
24,ชาย,5015,5015,0
31,ชาย,2705,2007,2
54,หญิง,3121,2701,2
13,ชาย,7303,7303,0
39,ชาย,8601,8601,0
38,ชาย,4101,4101,0
65,ชาย,6203,6203,0
20,ชาย,1036,1303,2
37,ชาย,1029,7303,2
22,ชาย,4806,4807,1
65,ชาย,5015,5015,0
19,ชาย,7102,7102,0
40,หญิง,3110,3110,0
21,ชาย,6710,6710,0
23,ชาย,8602,8601,1
16,ชาย,2707,2704,1
30,ชาย,4601,2108,2
70,หญิง,4101,2203,2
59,ชาย,4203,4203,0
17,ชาย,7305,7305,0
22,ชาย,7111,7102,1
37,ชาย,8404,8404,0
21,ชาย,6402,6402,0
51,ชาย,4410,4410,0
77,ชาย,7101,7101,0
23,ชาย,6206,6206,0
21,ชาย,5404,5601,2
59,ชาย,7111,7306,2
19,หญิง,2004,2004,0
21,ชาย,7401,7401,0
24,หญิง,4902,4902,0
21,ชาย,1046,1003,1
55,ชาย,3407,2004,2
76,หญิง,2305,2305,0
15,ชาย,5202,5201,1
43,ชาย,6010,6010,0
37,ชาย,4111,4111,0
69,ชาย,4201,4201,0
24,ชาย,7402,7402,0
27,ชาย,4105,1802,2
60,ชาย,7401,7401,0
47,หญิง,6201,6201,0
44,ชาย,7111,1301,2
23,ชาย,7402,7307,2
24,ชาย,7108,7108,0
36,ชาย,3601,3601,0
76,หญิง,5204,5204,0
34,ชาย,2707,2207,2
35,ชาย,9011,9206,2
24,ชาย,7001,7002,1
45,ชาย,1203,1005,2
16,ชาย,8401,8401,0
61,หญิง,4117,4302,2
20,ชาย,5608,5701,2
34,ชาย,7306,7306,0
75,ชาย,4701,4701,0
43,หญิง,7401,7401,0
56,ชาย,3301,3301,0
28,ชาย,3106,2106,2
46,ชาย,5206,5206,0
23,ชาย,2207,2207,0
48,ชาย,4301,4509,2
56,ชาย,7204,1402,2
16,ชาย,4305,2106,2
62,ชาย,5011,5014,1
82,ชาย,4705,4705,0
48,ชาย,9013,9013,0
41,ชาย,2601,1801,2
40,ชาย,6205,6306,2
47,ชาย,4314,4314,0
72,หญิง,5015,5015,0
24,ชาย,5101,5101,0
21,ชาย,5212,5212,0
28,ชาย,6502,6502,0
12,ชาย,8017,9207,2
72,ชาย,1802,1802,0
20,ชาย,2004,2001,1
52,หญิง,4119,4119,0
14,ชาย,9010,9010,0
30,ชาย,7005,7005,0
19,ชาย,2101,2105,1
56,หญิง,9311,9311,0
33,ชาย,2202,2204,1
64,ชาย,7008,7008,0
53,หญิง,3414,1010,2
54,ชาย,2101,2101,0
27,ชาย,4110,4110,0
17,ชาย,4316,4104,2
25,ชาย,1401,1406,1
30,ชาย,5708,5708,0
34,ชาย,7303,7303,0
45,ชาย,7106,7106,0
35,ชาย,2106,2106,0
34,ชาย,6409,2102,2
40,ชาย,2401,2401,0
73,ชาย,6501,6505,1
24,ชาย,9203,9203,0
62,ชาย,3112,3112,0
17,ชาย,7007,7007,0
17,ชาย,7113,7209,2
29,ชาย,8404,8404,0
23,ชาย,1402,1406,1
44,ชาย,5015,5015,0
16,ชาย,1010,1010,0
54,ชาย,2210,2210,0
52,หญิง,1804,1804,0
60,หญิง,7007,7006,1
19,ชาย,6504,1011,2
25,ชาย,8404,8404,0
27,ชาย,4104,1411,2
38,ชาย,7106,7106,0
60,หญิง,1011,1011,0
37,ชาย,2108,2108,0
19,ชาย,3106,3106,0
17,ชาย,1011,1011,0
74,ชาย,4102,4102,0
66,ชาย,6201,6201,0
31,หญิง,1414,1406,1
41,ชาย,3101,3606,2
42,ชาย,5203,5203,0
23,ชาย,2501,1011,2
24,ชาย,2101,2101,0
27,ชาย,5201,5201,0
34,ชาย,7302,7302,0
41,ชาย,5106,5101,1
14,ชาย,4111,4111,0
48,ชาย,3122,3122,0
42,ชาย,7002,7002,0
40,ชาย,4901,3001,2
60,ชาย,45,45,0
69,หญิง,4101,4101,0
61,ชาย,7101,7101,0
29,ชาย,1416,1416,0
58,ชาย,4403,4001,2
52,ชาย,5712,5712,0
72,ชาย,3608,3608,0
26,ชาย,3803,7501,2
29,หญิง,3217,1017,2
16,ชาย,4111,4111,0
14,ชาย,6606,6508,2
34,หญิง,7102,1801,2
31,ชาย,7007,7001,1
72,หญิง,4101,4101,0
54,ชาย,1412,1412,0
16,หญิง,4404,4404,0
18,ชาย,5704,5713,1
56,ชาย,7503,7501,1
26,ชาย,7002,7106,2
27,ชาย,5203,5201,1
27,ชาย,1106,1017,2
24,ชาย,4111,4111,0
62,ชาย,7607,1014,2
53,ชาย,4119,4101,1
52,ชาย,1407,1415,1
33,หญิง,4406,1203,2
45,หญิง,1302,7703,2
80,ชาย,7501,7501,0
42,หญิง,3023,7302,2
52,ชาย,3107,3107,0
30,ชาย,1012,1015,1
19,ชาย,6207,6202,1
29,ชาย,4408,2106,2
14,ชาย,1411,1411,0
46,ชาย,4406,4406,0
30,ชาย,7708,7708,0
27,ชาย,4122,2108,2
34,ชาย,5601,5601,0
39,ชาย,4004,2106,2
15,ชาย,7601,7601,0
25,หญิง,1102,1030,2
42,ชาย,6502,6502,0
47,ชาย,1018,1018,0
47,หญิง,4106,4101,1
24,ชาย,7602,7602,0
22,ชาย,1105,1018,2
63,ชาย,4104,4104,0
78,ชาย,8023,1902,2
39,ชาย,4618,1020,2
70,หญิง,8607,8607,0
49,ชาย,1407,1407,0
21,ชาย,5704,5704,0
29,หญิง,7608,7602,1
22,ชาย,7306,7306,0
28,ชาย,1101,1101,0
25,ชาย,4101,4101,0
71,ชาย,9301,9301,0
21,ชาย,9407,8417,2
16,หญิง,4101,4101,0
32,ชาย,1412,1412,0
40,ชาย,5716,5716,0
77,หญิง,7307,7307,0
69,ชาย,2105,2105,0
22,ชาย,3604,4001,2
51,ชาย,1021,1021,0
34,หญิง,1104,1104,0
54,หญิง,1903,1903,0
33,ชาย,1022,1022,0
74,ชาย,6405,6405,0
84,หญิง,1401,1401,0
23,ชาย,4408,4408,0
76,ชาย,3606,3606,0
23,ชาย,2205,2103,2
72,ชาย,7601,7608,1
35,ชาย,1050,1021,1
20,ชาย,9409,9409,0
36,ชาย,7306,1023,2
44,ชาย,4203,4203,0
53,ชาย,7201,7201,0
23,ชาย,9003,9003,0
20,ชาย,7608,7608,0
41,ชาย,9401,9004,2
43,ชาย,1909,1909,0
60,ชาย,3014,3014,0
68,หญิง,4209,4209,0
32,ชาย,3114,4101,2
60,หญิง,1701,1503,2
51,หญิง,7205,7201,1
16,ชาย,4501,1050,2
22,หญิง,1034,6501,2
38,ชาย,4209,2202,2
51,หญิง,9508,9405,2
48,ชาย,4119,4211,2
28,ชาย,6206,5707,2
70,ชาย,4101,4101,0
32,ชาย,4717,2108,2
45,หญิง,3508,2101,2
35,ชาย,1802,1414,2
17,ชาย,4104,4101,1
77,ชาย,9301,9301,0
40,หญิง,8102,8102,0
49,ชาย,7604,7604,0
80,ชาย,1030,1030,0
36,หญิง,3301,2207,2
35,ชาย,2201,2206,1
25,ชาย,2101,2101,0
24,ชาย,3111,7401,2
57,ชาย,3614,3614,0
54,หญิง,1006,1902,2
39,ชาย,4101,4101,0
60,หญิง,1901,1901,0
31,ชาย,7202,7201,1
58,ชาย,2207,2207,0
49,ชาย,4015,1030,2
19,หญิง,1906,1906,0
26,ชาย,5603,5603,0
75,หญิง,1040,4101,2
61,ชาย,3025,3025,0
23,ชาย,4807,1003,2
29,ชาย,9003,9403,2
20,ชาย,1015,1502,2
20,ชาย,6208,1015,2
26,ชาย,5406,5401,1
69,ชาย,1409,1906,2
62,ชาย,6603,6603,0
15,ชาย,3610,3610,0
46,ชาย,8023,8023,0
47,ชาย,2101,2101,0
18,ชาย,3705,3705,0
45,หญิง,7601,7601,0
43,หญิง,1017,1032,1
1,หญิง,2201,2205,1
66,ชาย,3602,3602,0
27,ชาย,9603,9603,0
54,หญิง,4611,4611,0
86,หญิง,3027,3027,0
22,ชาย,4608,2108,2
30,หญิง,9301,9301,0
52,หญิง,5701,5701,0
21,ชาย,2101,2101,0
40,ชาย,5106,5101,1
25,ชาย,1103,1032,2
18,ชาย,2101,2205,2
71,หญิง,5401,5402,1
81,หญิง,4611,4611,0
16,ชาย,4601,7402,2
33,ชาย,1005,1005,0
1,หญิง,6307,6307,0
70,ชาย,9301,9301,0
32,ชาย,6404,5302,2
86,ชาย,3603,3603,0
36,ชาย,9201,9201,0
29,ชาย,3803,3803,0
29,ชาย,2401,2401,0
59,ชาย,3804,3804,0
46,หญิง,1046,1046,0
29,ชาย,1302,1036,2
28,ชาย,7103,7402,2
73,ชาย,3803,3803,0
23,หญิง,7701,7701,0
23,ชาย,8604,2203,2
29,ชาย,5514,5506,1
16,ชาย,3902,3902,0
57,ชาย,7203,7203,0
24,ชาย,4611,4611,0
48,ชาย,9503,9503,0
41,ชาย,1603,1603,0
45,ชาย,3110,3110,0
59,ชาย,7105,7302,2
72,ชาย,2210,2210,0
20,ชาย,2108,2101,1
42,ชาย,4715,2108,2
24,ชาย,7210,7204,1
20,หญิง,3616,1033,2
19,ชาย,4001,4001,0
77,ชาย,7306,7403,2
54,ชาย,8601,8601,0
44,หญิง,5101,5101,0
57,ชาย,5401,5401,0
53,ชาย,3002,7401,2
34,ชาย,2404,2404,0
20,ชาย,1413,7204,2
18,หญิง,9601,9601,0
35,ชาย,1611,1611,0
66,ชาย,3605,7303,2
48,ชาย,3808,3806,1
66,ชาย,4008,4008,0
69,ชาย,7207,7207,0
77,ชาย,7403,7403,0
26,ชาย,1206,1301,2
53,ชาย,1905,1905,0
20,ชาย,3803,3803,0
17,ชาย,1034,1034,0
37,หญิง,3015,3015,0
29,ชาย,2507,2507,0
49,ชาย,4023,3904,2
24,ชาย,7209,7209,0
26,ชาย,4514,1103,2
17,ชาย,5701,5701,0
47,หญิง,1040,5002,1
19,ชาย,3701,3701,0
53,ชาย,5513,5513,0
69,ชาย,7403,7403,0
47,ชาย,3904,3904,0
77,ชาย,2003,2003,0
19,หญิง,4605,4605,0
54,หญิง,3021,3021,0
16,หญิง,2301,2301,0
26,ชาย,6401,6401,0
22,ชาย,7306,7306,0
17,ชาย,2501,2501,0
16,หญิง,5103,5103,0
33,ชาย,1601,1601,0
33,ชาย,1306,2101,2
49,ชาย,3901,3902,1
20,ชาย,5504,5507,1
52,ชาย,3014,1017,2
27,ชาย,4301,4301,0
13,หญิง,4210,4210,0
45,ชาย,6003,6003,0
15,ชาย,2301,2301,0
24,ชาย,1018,5002,1
52,ชาย,4709,3804,2
30,ชาย,4407,7306,2
43,ชาย,3206,3206,0
60,ชาย,7201,7205,1
70,ชาย,4706,4706,0
40,ชาย,4019,7401,2
58,ชาย,6402,6402,0
28,หญิง,4510,4510,0
43,ชาย,5001,1037,2
25,ชาย,3013,1306,2
45,หญิง,4101,1103,2
46,ชาย,7401,7401,0
28,ชาย,1021,1033,1
11,ชาย,2201,2201,0
30,ชาย,6201,6005,2
31,ชาย,1104,7401,2
65,ชาย,6201,6201,0
59,หญิง,3808,3808,0
20,ชาย,2401,2401,0
27,ชาย,1104,1104,0
21,ชาย,7401,7401,0
55,ชาย,6604,6603,1
40,ชาย,6201,7604,2
43,ชาย,5605,5101,2
65,ชาย,6103,6201,2
31,หญิง,1030,1038,1
58,ชาย,4902,1021,2
31,หญิง,6403,6401,1
51,ชาย,7607,7607,0
50,ชาย,1010,1804,2
42,ชาย,2207,2207,0
64,ชาย,3901,3901,0
55,ชาย,3901,3901,0
60,หญิง,5602,5602,0
52,ชาย,1003,1003,0
57,ชาย,4403,4001,2
32,ชาย,6009,6708,2
59,ชาย,4315,4315,0
67,ชาย,6501,6501,0
31,ชาย,7306,1021,2
35,หญิง,4019,3202,2
59,ชาย,4515,4515,0
70,หญิง,7605,7605,0
23,หญิง,1009,1011,1
30,ชาย,2208,2208,0
70,ชาย,1503,1503,0
29,ชาย,8009,8009,0
54,ชาย,5603,5603,0
42,ชาย,6405,6407,1
16,ชาย,3106,2401,2
76,ชาย,6508,6609,2
13,ชาย,1803,1803,0
57,ชาย,6007,6009,1
53,หญิง,3801,4712,2
33,ชาย,5210,5210,0
55,ชาย,1408,1503,2
36,ชาย,5609,5609,0
20,ชาย,7501,7501,0
44,ชาย,4409,4409,0
66,ชาย,6701,6701,0
24,ชาย,1101,1101,0
30,ชาย,4802,4501,2
85,ชาย,7402,7402,0
22,ชาย,1040,1022,1
31,ชาย,2401,2401,0
29,ชาย,2005,2001,1
26,ชาย,1803,1803,0
32,ชาย,3205,1406,2
59,ชาย,7008,7604,2
22,ชาย,4205,1017,2
79,หญิง,3801,3801,0
20,ชาย,5601,5601,0
73,หญิง,4410,4409,1
47,ชาย,3209,3209,0
23,ชาย,2406,2402,1
46,ชาย,2005,2001,1
18,หญิง,3207,3207,0
43,ชาย,8001,1017,2
51,หญิง,3801,3802,1
2,หญิง,5202,5202,0
51,ชาย,4502,1046,2
65,ชาย,2304,2304,0
51,ชาย,7601,7601,0
24,ชาย,4511,1006,2
30,หญิง,2410,2001,2
54,ชาย,7301,7301,0
26,หญิง,4901,1101,2
72,ชาย,7601,7601,0
34,หญิง,3804,8604,2
67,ชาย,7305,1002,2
24,ชาย,4004,4004,0
11,หญิง,4708,4708,0
19,หญิง,1101,1101,0
50,ชาย,1201,1025,2
32,ชาย,3215,3215,0
29,ชาย,6015,6015,0
35,หญิง,2201,2201,0
18,ชาย,1011,1003,1
21,ชาย,4614,1047,2
46,ชาย,1003,1010,1
17,ชาย,4405,4405,0
33,ชาย,6702,1104,2
77,ชาย,4008,4008,0
21,ชาย,6705,6705,0
51,ชาย,1906,6009,2
45,ชาย,1019,1016,1
52,ชาย,4020,4005,1
58,หญิง,2007,2007,0
51,หญิง,6203,7302,2
24,ชาย,4805,7401,2
31,ชาย,1045,1030,1
38,ชาย,6705,6705,0
70,หญิง,6708,1902,2
26,หญิง,9405,1006,2
55,ชาย,5702,5705,1
57,ชาย,1009,1047,1
26,ชาย,7306,7302,1
52,ชาย,7503,7503,0
26,ชาย,6604,1030,2
19,ชาย,1301,1026,2
16,ชาย,7401,7401,0
52,หญิง,3905,1043,2
63,ชาย,2301,2301,0
17,ชาย,1050,1050,0
17,ชาย,4004,4004,0
37,หญิง,3001,3021,1
43,ชาย,7301,7301,0
33,ชาย,3419,2007,2
71,ชาย,7401,7503,2
30,ชาย,6509,6508,1
44,ชาย,1402,1906,2
70,ชาย,6009,6009,0
56,หญิง,7704,7704,0
14,ชาย,1026,1026,0
15,ชาย,2202,2202,0
35,หญิง,6601,7401,2
24,ชาย,4713,1010,2
30,ชาย,4007,4007,0
24,ชาย,7402,1023,2
61,ชาย,4104,7604,2
23,ชาย,1021,1021,0
44,หญิง,7502,7009,2
37,ชาย,1022,2007,2
37,ชาย,1204,1201,1
19,ชาย,7502,7502,0
26,ชาย,2410,1033,2
19,หญิง,4302,4302,0
21,ชาย,1909,1909,0
36,ชาย,5804,1012,2
20,ชาย,7401,7401,0
28,ชาย,4901,1011,2
16,ชาย,1023,1023,0
72,ชาย,7502,7502,0
33,ชาย,1204,1036,2
47,หญิง,1909,1909,0
45,หญิง,7706,7706,0
29,ชาย,4106,1030,2
71,ชาย,1011,1011,0
57,ชาย,3205,7604,2
21,ชาย,7401,1021,2
51,ชาย,7401,7401,0
44,หญิง,7001,8601,2
59,ชาย,4001,4001,0
18,ชาย,7007,7602,2
38,ชาย,3201,3201,0
31,ชาย,1902,1902,0
31,ชาย,7705,7705,0
22,หญิง,1014,1038,1
34,หญิง,3903,3903,0
23,หญิง,1024,1012,1
28,ชาย,6501,6501,0
59,ชาย,6701,1038,2
34,หญิง,9505,9505,0
24,ชาย,1036,7303,2
17,ชาย,7007,7602,2
18,หญิง,1005,1038,1
32,ชาย,4301,4301,0
50,ชาย,3114,3202,2
20,ชาย,7708,7708,0
24,หญิง,3303,1032,2
29,ชาย,7402,7402,0
13,ชาย,4012,4012,0
13,ชาย,5017,5017,0
46,ชาย,2005,2005,0
21,ชาย,4809,4801,1
28,ชาย,1020,1203,2
31,ชาย,45,1604,2
15,ชาย,7402,7402,0
16,ชาย,7301,7301,0
61,ชาย,7306,7306,0
17,ชาย,3610,1204,2
32,ชาย,4901,4901,0
38,ชาย,7402,7601,2
57,หญิง,1505,1501,1
21,หญิง,9407,9003,2
37,ชาย,2404,2401,1
24,ชาย,5506,5002,2
64,หญิง,4024,4001,1
34,ชาย,7301,7301,0
63,ชาย,3306,3306,0
44,หญิง,7006,7306,2
14,ชาย,1201,1206,1
66,ชาย,4901,4901,0
54,ชาย,7707,7604,2
18,ชาย,9404,9409,1
59,ชาย,7001,7001,0
15,หญิง,5718,5701,1
40,ชาย,7301,7301,0
35,ชาย,1103,1032,2
31,หญิง,2503,2503,0
71,หญิง,7001,7001,0
44,หญิง,3310,3310,0
80,ชาย,4905,4905,0
68,หญิง,7707,7604,2
59,ชาย,3803,3801,1
14,หญิง,1021,1021,0
63,ชาย,7007,7001,1
47,หญิง,2506,2506,0
19,ชาย,2404,7106,2
62,ชาย,2003,2003,0
30,ชาย,4901,4901,0
23,ชาย,6504,6501,1
36,หญิง,4404,3014,2
48,ชาย,1037,1037,0
52,ชาย,4005,4005,0
64,ชาย,7204,7401,2
39,ชาย,7007,7001,1
45,ชาย,3317,3317,0
40,ชาย,9507,9505,1
52,ชาย,7001,7001,0
31,ชาย,4018,4010,1
42,ชาย,5307,5307,0
20,ชาย,1415,1025,2
14,ชาย,7001,7001,0
25,หญิง,6008,2101,2
22,ชาย,1026,1036,1
11,ชาย,7106,7106,0
64,ชาย,5604,5604,0
22,ชาย,2001,2001,0
59,ชาย,3301,1201,2
51,ชาย,7401,1205,2
35,ชาย,9507,9503,1
31,หญิง,1022,1040,1
25,ชาย,3613,4005,2
46,ชาย,6407,5307,2
25,หญิง,2501,2501,0
36,ชาย,4007,4007,0
74,ชาย,5703,5703,0
27,ชาย,7701,7703,1
72,หญิง,1030,1030,0
30,หญิง,7106,7106,0
35,ชาย,3308,3308,0
54,ชาย,5002,5002,0
18,ชาย,7703,7703,0
26,ชาย,6601,6601,0
28,ชาย,1910,1901,1
28,ชาย,4502,1040,2
15,ชาย,4017,4017,0
21,ชาย,4005,4005,0
22,ชาย,2508,2508,0
51,หญิง,7703,7704,1
24,ชาย,2506,2509,1
13,ชาย,7703,7703,0
34,ชาย,7004,7004,0
30,หญิง,2410,7401,2
35,ชาย,8302,8301,1
29,ชาย,3113,4015,2
20,ชาย,7707,7707,0
59,ชาย,3110,3102,1
20,ชาย,1302,1302,0
21,ชาย,6710,6608,2
23,ชาย,1302,1030,2
44,ชาย,2501,2501,0
28,ชาย,7708,7708,0
67,หญิง,6608,6608,0
38,ชาย,7107,1401,2
25,ชาย,4505,4505,0
67,ชาย,6606,6610,1
20,ชาย,4511,4514,1
26,ชาย,7210,6106,2
50,ชาย,1045,1041,1
32,ชาย,2403,2403,0
39,ชาย,3010,4023,2
19,ชาย,5707,5701,1
31,ชาย,4016,2502,2
56,ชาย,4011,1201,2
40,หญิง,7708,7707,1
21,หญิง,1904,1411,2
21,ชาย,2002,2002,0
46,ชาย,1005,1042,1
17,หญิง,1302,1302,0
45,ชาย,1406,1406,0
27,ชาย,2004,2004,0
71,หญิง,3305,3317,1
48,ชาย,4612,4612,0
59,ชาย,6015,6107,2
37,ชาย,2106,2406,2
50,หญิง,8203,8301,2
37,ชาย,7002,7002,0
25,ชาย,4205,2001,2
56,ชาย,4508,2005,2
20,ชาย,3319,1204,2
37,ชาย,4618,4401,2
14,ชาย,1043,1043,0
31,ชาย,5407,5407,0
50,ชาย,8303,8303,0
19,ชาย,1106,1106,0
26,หญิง,4001,4001,0
32,ชาย,1205,1305,2
38,ชาย,9605,9605,0
27,ชาย,3801,2005,2
36,ชาย,4011,4011,0
20,ชาย,7503,7503,0
68,ชาย,4807,4807,0
20,ชาย,1904,1904,0
61,ชาย,7009,7009,0
28,หญิง,3101,2005,2
70,ชาย,6102,6102,0
33,ชาย,8011,3306,2
51,ชาย,1027,1046,1
33,ชาย,4011,4011,0
46,หญิง,4007,4001,1
19,ชาย,1204,1048,2
35,หญิง,4811,4811,0
65,ชาย,4607,4607,0
32,หญิง,1042,1033,1
17,ชาย,2408,2408,0
27,ชาย,4001,4001,0
83,หญิง,4811,4811,0
18,ชาย,7401,7401,0
36,ชาย,1304,1306,1
84,หญิง,6102,6102,0
66,หญิง,8012,8012,0
18,ชาย,2501,2501,0
50,ชาย,4603,5002,2
66,ชาย,7402,7501,2
65,หญิง,4001,4001,0
46,ชาย,4902,4902,0
23,ชาย,5024,5024,0
29,หญิง,1103,1047,2
69,ชาย,2701,2502,2
29,ชาย,5405,5405,0
47,หญิง,1020,1037,1
42,หญิง,8412,8412,0
52,ชาย,1037,1104,2
68,หญิง,4001,4001,0
38,ชาย,1101,1101,0
81,ชาย,2603,2603,0
36,ชาย,7701,7701,0
25,ชาย,1603,2001,2
30,ชาย,7402,7402,0
20,ชาย,5208,5013,2
67,หญิง,2009,2009,0
30,หญิง,6207,6202,1
57,ชาย,8017,8017,0
35,ชาย,1023,1048,1
76,ชาย,7604,7604,0
54,หญิง,6005,6005,0
45,ชาย,4001,4001,0
15,ชาย,2604,2604,0
53,ชาย,7701,7703,1
19,ชาย,5101,5102,1
28,ชาย,5207,7402,2
73,ชาย,2709,1303,2
23,หญิง,5006,5015,1
73,ชาย,8008,8008,0
22,ชาย,3207,2007,2
36,ชาย,2001,2001,0
16,ชาย,4607,4607,0
17,ชาย,5401,5401,0
38,ชาย,7607,7601,1
71,ชาย,1101,1101,0
44,ชาย,8414,8414,0
26,ชาย,7705,7704,1
17,หญิง,3015,3015,0
28,ชาย,4001,6703,2
49,ชาย,2703,2703,0
13,ชาย,8014,8014,0
47,ชาย,7601,7601,0
63,ชาย,1022,1040,1
25,ชาย,4610,1103,2
50,ชาย,5106,5012,2
17,ชาย,1302,1302,0
61,ชาย,5021,5021,0
23,หญิง,6711,6703,1
60,ชาย,4610,4610,0
38,ชาย,1204,1202,1
30,ชาย,8009,8009,0
60,ชาย,4613,4613,0
16,ชาย,1050,7401,2
24,ชาย,6703,6703,0
30,ชาย,5607,5607,0
31,ชาย,7706,7706,0
63,ชาย,1101,1101,0
55,ชาย,4001,4001,0
45,ชาย,5711,5711,0
72,หญิง,7209,7209,0
27,ชาย,5005,5013,1
63,ชาย,3205,3205,0
44,ชาย,2101,2101,0
69,หญิง,3001,3001,0
45,ชาย,5714,5712,1
55,ชาย,2007,2007,0
47,ชาย,4701,4701,0
27,ชาย,7707,7706,1
28,ชาย,1204,8410,2
54,ชาย,3014,1202,2
34,ชาย,4001,4001,0
65,ชาย,5707,5707,0
46,ชาย,5016,5001,1
34,ชาย,6706,6706,0
72,ชาย,5711,5711,0
45,ชาย,6201,6205,1
27,ชาย,7606,7707,2
33,ชาย,8404,8404,0
18,ชาย,1204,1203,1
33,ชาย,4603,4613,1
80,ชาย,3209,3209,0
24,ชาย,5011,5014,1
41,หญิง,6005,6005,0
20,หญิง,3301,3301,0
47,ชาย,4702,4702,0
19,ชาย,6013,1046,2
71,ชาย,4121,4121,0
59,ชาย,2601,2601,0
24,ชาย,8020,8020,0
20,ชาย,5024,5012,1
11,ชาย,3210,3210,0
37,ชาย,6702,5005,2
42,ชาย,8016,8016,0
19,ชาย,1003,1003,0
23,ชาย,7105,7105,0
42,ชาย,1006,1044,1
23,หญิง,2701,2701,0
20,ชาย,4101,4001,2
40,ชาย,8414,8417,1
52,ชาย,8021,8008,1
16,ชาย,3002,3002,0
44,ชาย,3013,3017,1
16,หญิง,2007,2007,0
43,ชาย,5604,5604,0
61,ชาย,1505,1045,2
49,หญิง,7601,7601,0
82,หญิง,1301,1301,0
58,ชาย,1015,3205,2
63,ชาย,8013,8013,0
49,ชาย,3021,3021,0
30,ชาย,6707,6707,0
36,หญิง,3108,1103,2
28,ชาย,1106,1103,1
84,หญิง,8022,7208,2
85,ชาย,9009,9009,0
22,ชาย,5001,5001,0
19,ชาย,4702,4701,1
55,ชาย,1104,1104,0
77,ชาย,8006,8006,0
32,ชาย,4024,4405,2
18,ชาย,1201,1048,2
24,ชาย,2503,2502,1
18,หญิง,1046,1104,2
72,ชาย,8022,7208,2
19,ชาย,6404,6401,1
49,ชาย,8604,7602,2
13,ชาย,2004,2004,0
56,ชาย,4710,4712,1
30,หญิง,2705,2705,0
76,หญิง,4101,4101,0
33,ชาย,6106,2706,2
21,ชาย,4716,4716,0
69,ชาย,1901,1910,1
31,ชาย,1401,1401,0
20,ชาย,1003,1010,1
19,หญิง,4405,4405,0
24,หญิง,4301,4101,2
16,ชาย,6004,6004,0
20,หญิง,4101,4101,0
37,ชาย,6705,1404,2
46,หญิง,1043,1010,1
61,ชาย,7109,7109,0
58,ชาย,3012,1102,2
24,ชาย,4101,4101,0
22,หญิง,1042,1206,2
71,ชาย,2706,2706,0
39,ชาย,4102,4102,0
63,ชาย,2706,2706,0
22,ชาย,3901,2508,2
56,หญิง,3006,8023,1
34,หญิง,1102,1106,1
18,ชาย,4001,4001,0
34,ชาย,3205,1103,2
69,ชาย,4106,4106,0
43,ชาย,1206,1201,1
17,หญิง,2706,2706,0
21,ชาย,3021,3021,0
25,ชาย,5102,5001,2
40,ชาย,1104,1012,2
14,ชาย,3024,3024,0
66,หญิง,7105,7105,0
18,ชาย,4413,2001,2
43,ชาย,3607,1105,2
75,หญิง,4101,4101,0
76,หญิง,4103,4103,0
34,ชาย,2103,2101,1
30,ชาย,7302,7005,2
23,ชาย,5104,5104,0
46,ชาย,3301,3309,1
59,ชาย,3001,3001,0
37,ชาย,5106,5106,0
32,ชาย,1049,1012,1
31,ชาย,7101,7101,0
48,ชาย,3801,2503,2
33,ชาย,8012,8020,1
67,หญิง,4712,4712,0
24,ชาย,5208,5102,2
27,ชาย,7105,7105,0
42,หญิง,1301,1101,2
29,หญิง,1105,1104,1
48,ชาย,4601,2507,2
24,ชาย,5213,5710,2
15,ชาย,9613,9613,0
21,ชาย,2201,7306,2
32,ชาย,5107,5107,0
32,ชาย,1050,1015,1
40,ชาย,8108,8108,0
25,ชาย,1103,1101,1
64,ชาย,2408,2704,2
83,ชาย,4106,4106,0
60,ชาย,4701,4701,0
60,ชาย,8604,7701,2
57,หญิง,3317,3317,0
19,ชาย,5205,5201,1
23,ชาย,1015,1015,0
54,หญิง,3006,2005,2
38,หญิง,4316,1104,2
29,หญิง,4213,4101,2
53,ชาย,5705,5705,0
27,ชาย,4001,1106,2
68,ชาย,2701,2701,0
40,ชาย,4109,4109,0
51,ชาย,3410,8102,2
17,ชาย,4119,1206,2
24,ชาย,7302,7302,0
41,หญิง,1003,1017,1
22,ชาย,1105,1104,1
19,หญิง,8012,8001,1
59,ชาย,3010,1103,2
19,ชาย,1306,1306,0
30,หญิง,8501,8501,0
30,ชาย,1201,1201,0
34,ชาย,4701,4701,0
31,ชาย,5001,5101,2
38,ชาย,1024,1018,1
23,ชาย,4701,2001,2
68,หญิง,4111,4111,0
26,ชาย,3002,1103,2
46,ชาย,4117,4117,0
71,ชาย,5705,5705,0
57,ชาย,1050,7306,2
51,หญิง,1503,1501,1
31,หญิง,6301,2108,2
20,ชาย,5202,5201,1
22,หญิง,1401,1406,1
28,ชาย,7209,7209,0
45,ชาย,4410,2007,2
23,หญิง,2502,1306,2
64,ชาย,4119,4119,0
41,ชาย,1101,1101,0
42,ชาย,1204,1204,0
67,ชาย,7307,7307,0
41,ชาย,6001,6001,0
40,ชาย,1411,1406,1
36,ชาย,8301,8301,0
62,หญิง,1020,1020,0
86,ชาย,1104,1104,0
28,ชาย,6203,1101,2
16,ชาย,6103,6103,0
47,ชาย,2108,2105,1
17,หญิง,8105,8106,1
16,หญิง,3402,3401,1
15,ชาย,1101,1101,0
68,ชาย,6102,6103,1
53,หญิง,8104,8104,0
34,ชาย,3002,3003,1
68,หญิง,7306,7306,0
65,หญิง,5306,5305,1
68,หญิง,7707,7707,0
63,ชาย,4901,4901,0
34,ชาย,1204,1203,1
84,หญิง,2601,2601,0
70,ชาย,2601,2601,0
67,หญิง,3202,2701,2
46,ชาย,4901,4901,0
27,ชาย,2101,2101,0
19,หญิง,3316,3301,1
50,หญิง,5306,5305,1
30,หญิง,4709,7707,2
40,ชาย,5705,5701,1
19,ชาย,4204,1021,2
27,ชาย,1204,1204,0
29,ชาย,6107,6107,0
19,หญิง,6708,1306,2
24,ชาย,2009,1201,2
2,ชาย,4807,4806,1
29,ชาย,7306,7306,0
73,ชาย,6406,6406,0
61,ชาย,1204,1205,1
21,หญิง,1101,1101,0
21,หญิง,6708,1306,2
31,ชาย,1021,7306,2
33,หญิง,8303,8303,0
61,ชาย,1042,1036,1
31,ชาย,30,1021,2
48,ชาย,6409,6403,1
29,ชาย,2701,2603,2
52,ชาย,2706,2706,0
30,ชาย,1306,1306,0
55,ชาย,4117,2101,2
36,ชาย,5002,1021,1
20,หญิง,2004,2004,0
16,ชาย,8205,8205,0
29,หญิง,7111,1306,2
38,ชาย,2701,2701,0
22,ชาย,8017,8302,2
54,ชาย,4902,4902,0
48,ชาย,5309,5309,0
47,ชาย,7706,7706,0
12,ชาย,6107,6107,0
25,ชาย,7301,1306,2
19,หญิง,2508,1301,2
49,หญิง,4902,4902,0
47,ชาย,3301,3301,0
40,ชาย,1011,1044,1
48,ชาย,3114,3114,0
61,หญิง,4601,4601,0
48,ชาย,2007,2007,0
33,ชาย,1205,1205,0
27,ชาย,4209,4209,0
32,ชาย,1203,1206,1
41,ชาย,3104,3001,2
50,ชาย,1306,1302,1
80,ชาย,4902,4902,0
46,ชาย,3419,3419,0
74,ชาย,8023,8023,0
48,ชาย,5706,5706,0
21,ชาย,1302,1302,0
15,ชาย,3422,3422,0
16,ชาย,1601,1601,0
24,ชาย,1015,1047,1
64,ชาย,3112,3112,0
27,ชาย,1204,1204,0
25,ชาย,1301,1206,2
61,ชาย,8303,8303,0
23,ชาย,1029,1029,0
24,ชาย,6508,1602,2
32,ชาย,1030,1030,0
55,หญิง,4703,4707,1
33,ชาย,2209,2103,2
16,ชาย,2708,2708,0
20,ชาย,1306,1303,1
23,หญิง,3008,3008,0
47,ชาย,1301,1030,2
37,ชาย,6503,6502,1
29,ชาย,9101,8302,2
41,ชาย,1410,1201,2
76,ชาย,2708,2708,0
23,ชาย,3008,3008,0
33,ชาย,3603,1306,2
75,ชาย,3027,3027,0
51,ชาย,3408,1103,2
28,หญิง,1049,1049,0
26,ชาย,3411,2106,2
28,ชาย,6506,6506,0
26,ชาย,5013,1201,2
22,ชาย,1303,1303,0
21,หญิง,7305,1301,2
25,ชาย,3013,3031,1
52,ชาย,7110,7110,0
42,ชาย,1034,1303,2
30,ชาย,7303,7303,0
56,หญิง,8104,8101,1
25,ชาย,3433,1302,2
45,ชาย,8008,8008,0
47,ชาย,1604,1604,0
25,ชาย,3103,3103,0
22,ชาย,2506,7305,2
29,ชาย,4508,2108,2
55,ชาย,1302,1302,0
20,ชาย,4305,4305,0
31,ชาย,1303,1303,0
18,ชาย,2202,2205,1
76,ชาย,5406,5402,1
34,ชาย,7105,7307,2
51,ชาย,4305,4305,0
39,ชาย,3009,3001,1
17,หญิง,9015,9015,0
73,ชาย,6004,6004,0
49,หญิง,9206,7704,2
29,ชาย,1411,1414,1
51,ชาย,6405,6401,1
69,ชาย,5507,5507,0
28,ชาย,5008,5001,1
38,หญิง,9105,9201,2
57,ชาย,2508,2502,1
55,หญิง,1406,6508,2
53,ชาย,6508,6508,0
61,ชาย,6504,6508,1
20,ชาย,7007,7007,0
37,ชาย,8414,7006,2
56,ชาย,6508,6508,0
76,ชาย,3202,3202,0
29,หญิง,7005,7005,0
14,ชาย,4118,4118,0
17,ชาย,2005,2001,1
51,หญิง,3803,3803,0
40,ชาย,7007,7007,0
20,ชาย,9007,9015,1
20,ชาย,3804,3804,0
16,ชาย,4105,4105,0
50,ชาย,7007,7007,0
61,ชาย,4103,4103,0
58,ชาย,4104,4104,0
65,หญิง,5019,5101,2
13,ชาย,4110,4110,0
37,หญิง,4118,4118,0
49,หญิง,7002,7002,0
47,ชาย,7001,7001,0
54,ชาย,1049,1021,1
35,ชาย,3310,1103,2
27,ชาย,7001,7001,0
54,หญิง,7306,7005,2
46,ชาย,4201,2508,2
45,หญิง,7001,7001,0
15,ชาย,8007,8007,0
59,ชาย,6610,6604,1
67,ชาย,5012,5024,1
35,ชาย,4120,4706,2
34,ชาย,7004,7004,0
24,ชาย,7005,7007,1
17,หญิง,5714,5707,1
28,ชาย,4104,4104,0
51,ชาย,4106,4106,0
54,ชาย,2508,1104,2
43,ชาย,4212,4212,0
29,ชาย,6003,3007,2
48,ชาย,3109,1603,2
19,หญิง,3017,3015,1
64,ชาย,5406,5406,0
25,หญิง,9205,8301,2
24,ชาย,4017,4001,1
34,หญิง,5012,5015,1
53,ชาย,4712,4712,0
61,ชาย,1101,1101,0
72,ชาย,4809,4809,0
4,หญิง,6106,6106,0
33,หญิง,5402,5402,0
48,หญิง,4409,4409,0
59,หญิง,5607,5607,0
44,หญิง,6404,6404,0
22,หญิง,4507,1021,2
52,ชาย,3009,3009,0
35,ชาย,2301,2301,0
23,ชาย,5401,5408,1
29,ชาย,1050,5002,1
53,ชาย,3210,1406,2
47,ชาย,4901,4901,0
24,ชาย,7007,7701,2
76,ชาย,4413,4413,0
22,ชาย,5001,5014,1
39,ชาย,6501,6501,0
40,ชาย,4401,1405,2
41,ชาย,3015,3010,1
18,ชาย,3014,3014,0
18,ชาย,4406,4406,0
27,ชาย,8108,8108,0
25,ชาย,3701,3505,2
22,ชาย,4315,1302,2
70,หญิง,3015,3015,0
72,ชาย,3030,3030,0
74,ชาย,7604,7604,0
52,ชาย,7605,7605,0
59,หญิง,1303,1303,0
46,ชาย,6505,6505,0
48,หญิง,30,7401,2
33,หญิง,6603,6205,2
49,ชาย,5101,5101,0
20,ชาย,3015,3015,0
27,ชาย,3106,3008,2
24,ชาย,9203,9201,1
34,ชาย,5104,5101,1
81,ชาย,3201,3201,0
53,ชาย,9206,9206,0
58,หญิง,6001,6001,0
44,ชาย,3110,3110,0
40,ชาย,3011,3010,1
52,ชาย,5716,5716,0
46,หญิง,1006,6001,2
60,ชาย,6703,6703,0
38,ชาย,9206,9206,0
65,ชาย,1005,1005,0
53,ชาย,6014,6014,0
69,ชาย,6604,6604,0
59,ชาย,4406,4406,0
69,ชาย,3001,3001,0
41,ชาย,1304,1304,0
15,ชาย,1101,1101,0
62,ชาย,3301,3301,0
26,ชาย,3001,3021,1
69,ชาย,4505,4505,0
66,หญิง,5106,5106,0
47,ชาย,1008,1037,1
50,ชาย,3611,3611,0
50,ชาย,2508,2508,0
16,ชาย,6008,6012,1
39,ชาย,1010,1010,0
20,ชาย,2401,2401,0
31,ชาย,3006,3006,0
61,หญิง,5101,5101,0
51,ชาย,6201,6201,0
39,ชาย,3105,3114,1
51,ชาย,3806,3806,0
19,ชาย,2002,2002,0
72,หญิง,6012,6012,0
50,หญิง,1050,5019,2
43,ชาย,6001,6001,0
42,หญิง,3210,8412,2
47,ชาย,8607,8607,0
55,ชาย,5106,5106,0
16,ชาย,1801,1801,0
37,ชาย,6004,6004,0
35,ชาย,7604,7707,2
26,ชาย,3205,3205,0
23,ชาย,9009,9009,0
61,ชาย,5407,5407,0
63,หญิง,3601,3601,0
41,ชาย,1101,1101,0
15,ชาย,3702,3702,0
73,หญิง,8601,8601,0
41,ชาย,3207,3207,0
75,ชาย,6010,6010,0
59,ชาย,30,30,0
63,หญิง,1701,1701,0
69,หญิง,8416,8416,0
57,หญิง,1302,1303,1
51,ชาย,9201,9201,0
25,ชาย,1306,1303,1
26,หญิง,1021,5002,1
48,ชาย,9011,9012,1
36,ชาย,7008,7008,0
63,ชาย,5607,5601,1
65,ชาย,1808,6106,2
51,ชาย,3310,3209,2
63,หญิง,5101,5101,0
23,หญิง,6706,6706,0
16,หญิง,2006,2005,1
31,ชาย,7306,1040,2
74,ชาย,8601,8601,0
51,ชาย,3214,3214,0
19,ชาย,1201,1201,0
61,หญิง,8604,8604,0
39,ชาย,1904,1901,1
53,ชาย,4120,4120,0
76,ชาย,6605,6605,0
43,หญิง,8301,8303,1
57,ชาย,3205,3205,0
63,หญิง,6607,6607,0
51,ชาย,8103,8103,0
21,ชาย,3207,3207,0
62,ชาย,4020,4020,0
27,ชาย,1201,7001,2
64,ชาย,9010,9010,0
31,หญิง,3209,3204,1
32,หญิง,2210,2108,2
84,ชาย,1803,1803,0
49,ชาย,3210,3210,0
31,หญิง,9208,9208,0
35,ชาย,2203,2108,2
69,หญิง,4005,4001,1
17,ชาย,1046,1046,0
45,ชาย,1805,1805,0
71,ชาย,3110,3110,0
50,ชาย,3401,3505,2
51,ชาย,4808,4803,1
50,หญิง,5716,5701,1
57,ชาย,9203,9203,0
50,ชาย,5710,5710,0
52,หญิง,3601,3601,0
61,หญิง,8417,8417,0
61,ชาย,9204,9204,0
21,ชาย,3304,3205,2
27,ชาย,1303,1303,0
26,ชาย,3602,1103,2
59,ชาย,1902,1901,1
30,หญิง,4001,4001,0
17,หญิง,4003,4001,1
60,ชาย,7110,7110,0
81,หญิง,5402,5402,0
15,ชาย,4901,4901,0
27,ชาย,4705,4705,0
48,ชาย,6502,1905,2
59,ชาย,9203,9204,1
68,หญิง,7101,7101,0
31,ชาย,1401,1302,2
83,ชาย,8402,8402,0
61,ชาย,7608,7303,2
55,หญิง,7607,7401,2
54,ชาย,7004,7007,1
34,ชาย,3017,3017,0
19,ชาย,6601,6607,1
50,หญิง,6010,6010,0
43,ชาย,7005,7005,0
58,หญิง,9207,9207,0
51,หญิง,6013,6013,0
22,ชาย,3601,1411,2
67,ชาย,9201,9206,1
25,ชาย,6610,6610,0
18,ชาย,6703,6703,0
38,ชาย,6508,6501,1
40,ชาย,1206,1206,0
74,ชาย,9504,9405,2
70,ชาย,3802,3802,0
66,ชาย,9401,9401,0
63,ชาย,7001,7001,0
46,ชาย,2210,2210,0
67,ชาย,1206,1203,1
31,ชาย,3905,4101,2
65,หญิง,5014,5014,0
83,หญิง,9401,9401,0
61,ชาย,6004,6004,0
27,หญิง,4105,4101,1
66,หญิง,80,9015,2
34,ชาย,3411,3411,0
44,หญิง,2006,2006,0
69,ชาย,4701,4701,0
40,ชาย,9004,9004,0
19,ชาย,3201,2002,2
52,ชาย,3433,3409,1
60,ชาย,3407,3407,0
23,ชาย,3021,3021,0
26,ชาย,5015,5015,0
33,ชาย,5803,5803,0
34,ชาย,2004,2004,0
28,ชาย,6201,6201,0
51,หญิง,6601,6604,1
58,ชาย,4009,4009,0
53,หญิง,6612,6612,0
23,ชาย,2202,2201,1
39,หญิง,3018,30,1
27,ชาย,6702,6702,0
41,ชาย,4010,4001,1
49,ชาย,1304,1304,0
16,ชาย,3404,3404,0
60,หญิง,5101,5101,0
25,หญิง,4718,2004,2
38,หญิง,3004,2106,2
80,ชาย,5106,5106,0
63,หญิง,6005,6005,0
49,ชาย,3008,3019,1
22,ชาย,5108,5108,0
21,ชาย,5106,5101,1
37,ชาย,30,3007,1
34,ชาย,5102,5102,0
52,ชาย,3014,3001,1
41,ชาย,3605,3601,1
59,ชาย,3016,3016,0
46,ชาย,4901,4901,0
66,ชาย,3007,3014,1
33,ชาย,5101,5101,0
54,ชาย,1204,7201,2
19,หญิง,4107,4106,1
37,หญิง,3101,3606,2
78,ชาย,2204,2207,1
47,หญิง,4110,4110,0
36,ชาย,9205,9205,0
6,ชาย,2004,2007,1
17,ชาย,2108,2108,0
17,ชาย,3014,3014,0
18,หญิง,9204,9204,0
16,ชาย,8606,8604,1
53,ชาย,4123,4101,1
72,หญิง,2210,2210,0
71,ชาย,4101,4101,0
45,ชาย,4106,4106,0
57,ชาย,4101,4101,0
47,ชาย,2203,1031,2
19,ชาย,7209,7302,2
27,ชาย,3612,2101,2
27,ชาย,5301,5301,0
20,หญิง,7207,7302,2
15,ชาย,4105,4105,0
70,ชาย,5301,5301,0
21,หญิง,3025,3001,1
65,ชาย,4108,4108,0
58,หญิง,3610,3610,0
27,ชาย,4607,4607,0
38,ชาย,9602,9602,0
47,ชาย,5401,5401,0
68,หญิง,6606,6605,1
13,ชาย,4609,4609,0
21,ชาย,7703,7301,2
49,ชาย,4801,1034,2
29,ชาย,5406,5401,1
43,ชาย,3308,1032,2
71,ชาย,4409,4409,0
51,ชาย,3405,7707,2
42,ชาย,3802,3802,0
47,หญิง,4301,4301,0
32,ชาย,1046,2108,2
82,ชาย,2201,2201,0
52,ชาย,5507,5507,0
58,ชาย,5506,5501,1
19,ชาย,4315,4305,1
37,ชาย,1103,1106,1
71,ชาย,3018,3018,0
63,ชาย,7503,7503,0
21,ชาย,3107,2201,2
25,หญิง,4801,4801,0
28,ชาย,3309,1021,2
26,หญิง,1101,1101,0
25,ชาย,3901,1406,2
60,ชาย,4006,4006,0
53,ชาย,1101,1104,1
50,หญิง,3102,3102,0
35,ชาย,6003,6003,0
41,ชาย,7607,7607,0
53,ชาย,3021,3021,0
18,ชาย,6505,6505,0
86,ชาย,1909,1909,0
38,ชาย,5701,1106,2
58,หญิง,1010,1006,1
53,ชาย,2201,2201,0
24,ชาย,4201,4201,0
59,ชาย,45,45,0
50,ชาย,8007,4801,2
50,หญิง,3001,3001,0
19,ชาย,1105,1105,0
22,ชาย,1032,1017,1
59,ชาย,7601,7601,0
33,หญิง,7605,7605,0
60,ชาย,6011,6011,0
19,หญิง,3408,3303,2
33,ชาย,5012,5005,1
23,ชาย,1411,1036,2
14,ชาย,3021,2405,2
44,ชาย,1005,2405,2
55,หญิง,6407,5701,2
61,ชาย,6107,6107,0
82,ชาย,2401,2401,0
20,ชาย,1032,1032,0
28,ชาย,2603,2601,1
33,หญิง,1032,1032,0
31,ชาย,1050,1021,1
62,ชาย,7604,7604,0
50,ชาย,1005,1038,1
50,ชาย,3004,1101,2
56,หญิง,7001,1019,2
33,ชาย,1103,1103,0
21,ชาย,4509,4507,1
54,หญิง,3302,3302,0
21,หญิง,1302,2007,2
59,ชาย,2403,2403,0
37,ชาย,3206,2101,2
21,ชาย,7101,7101,0
31,ชาย,4507,1102,2
44,ชาย,1104,4001,2
45,ชาย,1034,1103,2
69,ชาย,8013,8013,0
43,ชาย,1101,4010,2
77,ชาย,2007,2007,0
69,ชาย,1301,1301,0
22,หญิง,6002,6002,0
46,ชาย,3506,1103,2
37,ชาย,6013,6013,0
26,ชาย,8001,8001,0
52,หญิง,5001,5001,0
64,หญิง,3201,3201,0
55,ชาย,3212,1039,2
46,ชาย,1040,1050,1
54,ชาย,4716,4716,0
42,ชาย,5025,5025,0
16,หญิง,1101,1101,0
64,ชาย,9205,9205,0
60,หญิง,7601,7601,0
31,ชาย,5106,5106,0
14,ชาย,3029,3029,0
20,ชาย,6306,6301,1
57,ชาย,4109,4109,0
64,ชาย,5101,5101,0
44,ชาย,5403,1204,2
15,หญิง,3317,3317,0
55,ชาย,4801,4801,0
21,หญิง,2601,2601,0
49,ชาย,1204,1201,1
65,ชาย,7001,7001,0
58,ชาย,4119,4119,0
62,ชาย,1021,1021,0
56,ชาย,6015,6015,0
66,ชาย,1205,1205,0
29,ชาย,8019,8101,2
31,ชาย,3001,3001,0
61,ชาย,4118,4118,0
59,ชาย,6401,6401,0
39,ชาย,4101,4117,1
20,ชาย,1201,1027,2
63,ชาย,6007,6007,0
83,ชาย,6002,6002,0
55,หญิง,5406,5406,0
69,ชาย,1015,5002,1
20,ชาย,3401,3401,0
30,ชาย,9301,8101,2
37,ชาย,3109,4409,2
53,ชาย,4406,4406,0
13,ชาย,8416,8415,1
13,ชาย,3606,3606,0
72,ชาย,4408,4408,0
37,ชาย,3802,3801,1
36,ชาย,7604,7604,0
18,ชาย,5023,5023,0
66,ชาย,5107,5107,0
44,ชาย,5506,1301,2
63,หญิง,9201,9201,0
62,ชาย,9503,9503,0
18,ชาย,5709,5709,0
66,ชาย,4807,4807,0
78,ชาย,4712,4712,0
53,ชาย,5005,2004,2
54,ชาย,2406,2406,0
34,ชาย,4409,4409,0
69,หญิง,5019,5019,0
35,หญิง,3317,3317,0
18,ชาย,3608,2404,2
44,ชาย,1905,1901,1
18,ชาย,5101,5101,0
29,ชาย,5106,5106,0
32,ชาย,3020,1002,2
61,หญิง,6601,1104,2
59,หญิง,1402,1402,0
62,หญิง,7604,7604,0
59,ชาย,9508,9405,2
66,หญิง,6401,6401,0
29,ชาย,5101,5101,0
20,ชาย,1025,1303,2
58,ชาย,3806,3806,0
70,หญิง,1033,1033,0
43,ชาย,4606,4704,2
62,ชาย,1203,1042,2
70,ชาย,7306,7403,2
24,ชาย,3212,2106,2
28,หญิง,4805,4807,1
45,ชาย,4801,4801,0
36,หญิง,4713,4108,2
38,ชาย,4807,4810,1
34,ชาย,3507,1010,2
9,ชาย,7003,7010,1
50,ชาย,3009,3019,1
54,ชาย,1003,1011,1
18,ชาย,3408,3408,0
60,ชาย,4209,1029,2
61,ชาย,1602,1602,0
16,ชาย,4203,4203,0
20,หญิง,3314,3304,1
67,ชาย,4710,4710,0
65,ชาย,4712,4716,1
67,ชาย,5505,5505,0
83,ชาย,4710,4710,0
30,ชาย,4017,4017,0
80,ชาย,3802,3802,0
75,หญิง,9005,9005,0
74,หญิง,9005,9005,0
17,ชาย,1302,1302,0
22,ชาย,1307,1307,0
32,หญิง,2007,2007,0
71,ชาย,2705,2702,1
62,ชาย,3607,3607,0
32,หญิง,3602,3602,0
22,หญิง,8608,8608,0
19,ชาย,8602,8601,1
17,ชาย,9403,9403,0
19,หญิง,9603,9412,2
79,หญิง,6407,6407,0
27,ชาย,1010,5701,2
40,ชาย,4101,1411,2
51,หญิง,5605,5605,0
66,ชาย,6611,6602,1
84,หญิง,6612,6612,0
33,ชาย,1101,1503,2
41,ชาย,5020,5019,1
45,ชาย,5018,5018,0
14,ชาย,6307,6307,0
58,ชาย,4901,4901,0
47,ชาย,5803,5803,0
46,ชาย,5801,5801,0
65,หญิง,4805,4805,0
32,ชาย,7009,3010,2
17,ชาย,3019,30,1
40,ชาย,7003,7003,0
44,ชาย,6101,6011,2
62,ชาย,6004,6004,0
31,ชาย,7101,7101,0
48,หญิง,3309,3309,0
30,ชาย,7005,7105,2
20,ชาย,3301,3310,1
12,หญิง,3310,3309,1
86,หญิง,1204,1201,1
61,ชาย,3315,3315,0
52,ชาย,3309,3309,0
14,หญิง,4608,4608,0
57,ชาย,3315,3315,0
68,ชาย,6201,6201,0
51,ชาย,6011,6204,2
18,หญิง,3610,4001,2
37,ชาย,3807,3807,0
30,ชาย,4706,4703,1
44,ชาย,5304,3111,2
46,หญิง,3106,3106,0
34,ชาย,6703,1106,2
28,ชาย,1302,1302,0
17,ชาย,7704,8601,2
58,หญิง,5704,5704,0
47,ชาย,5009,1411,2
42,ชาย,5707,5707,0
58,หญิง,5701,5701,0
58,ชาย,5701,5701,0
33,ชาย,5019,5014,1
17,หญิง,3201,3201,0
66,ชาย,4307,4307,0
3,ชาย,6601,6611,1
56,หญิง,1101,1503,2
22,หญิง,6701,6703,1
67,หญิง,4118,4118,0
73,ชาย,4106,4106,0
47,หญิง,2304,2304,0
66,หญิง,4117,4117,0
65,ชาย,4905,4905,0
29,ชาย,6307,6307,0
67,ชาย,4111,4111,0
73,หญิง,8101,8101,0
41,ชาย,8102,8102,0
56,ชาย,8108,8108,0
19,ชาย,9402,9403,1
4,หญิง,3205,3205,0
31,ชาย,5101,5008,2
16,ชาย,3216,3216,0
59,ชาย,4108,4108,0
36,ชาย,7302,7302,0
68,ชาย,4518,4501,1
29,ชาย,4105,4105,0
60,ชาย,7306,7306,0
63,ชาย,4119,4119,0
48,ชาย,3201,7306,2
57,ชาย,8501,8501,0
35,ชาย,4101,4101,0
35,ชาย,1010,1032,1
20,ชาย,2103,2103,0
65,ชาย,4105,4105,0
24,ชาย,4402,4807,2
64,ชาย,4104,4119,1
30,ชาย,1022,1025,1
59,หญิง,4801,4801,0
23,ชาย,2103,2104,1
40,ชาย,4119,4119,0
67,ชาย,5709,1027,2
44,ชาย,4802,2106,2
23,ชาย,4607,4101,2
35,ชาย,3402,1018,2
61,ชาย,4119,4119,0
24,หญิง,1003,1006,1
68,หญิง,4807,4807,0
31,ชาย,1411,7007,2
63,ชาย,4119,4119,0
37,ชาย,4803,4803,0
40,ชาย,7003,7003,0
65,ชาย,4101,4101,0
15,ชาย,1019,1019,0
17,ชาย,4110,4110,0
15,ชาย,1011,1011,0
54,ชาย,4106,4106,0
45,ชาย,1003,1026,1
23,ชาย,7003,7003,0
61,ชาย,4123,4123,0
57,ชาย,1044,1044,0
54,หญิง,4806,4806,0
32,หญิง,7001,7001,0
14,ชาย,4314,4119,2
30,ชาย,1021,5002,1
17,ชาย,4807,4807,0
42,ชาย,7005,7007,1
20,หญิง,3905,4101,2
26,ชาย,4611,4801,2
19,ชาย,7004,7006,1
79,ชาย,4305,4101,2
47,ชาย,1204,1029,2
56,ชาย,7007,7007,0
43,ชาย,1003,1003,0
85,ชาย,4805,4805,0
83,ชาย,4108,4108,0
59,หญิง,1011,1011,0
29,หญิง,7002,7001,1
60,ชาย,4101,4101,0
26,ชาย,9010,1006,2
20,ชาย,4803,4801,1
26,ชาย,4110,4110,0
54,ชาย,1203,1024,2
49,ชาย,4803,4101,2
50,ชาย,7006,7006,0
14,หญิง,5301,5302,1
33,ชาย,1027,1006,1
22,หญิง,3027,3027,0
79,ชาย,7007,7007,0
36,หญิง,5301,5302,1
25,ชาย,7501,1033,2
35,ชาย,3015,3015,0
55,ชาย,6101,6101,0
22,ชาย,3701,1034,2
55,ชาย,3014,3014,0
53,ชาย,7001,7001,0
68,ชาย,6108,6106,1
48,ชาย,1011,1032,1
44,หญิง,3014,3014,0
56,ชาย,7005,7005,0
58,ชาย,3425,3407,1
50,ชาย,5704,1011,2
39,ชาย,7003,7004,1
31,หญิง,3403,3403,0
45,ชาย,4120,1041,2
78,หญิง,7004,7004,0
57,ชาย,3408,3408,0
81,ชาย,3015,3015,0
57,ชาย,3401,3401,0
24,ชาย,1040,1023,1
65,ชาย,3006,8023,1
52,ชาย,7006,7005,1
23,ชาย,2102,1006,2
52,ชาย,7005,7005,0
39,ชาย,3001,3001,0
48,ชาย,1036,1027,1
16,ชาย,3024,3024,0
29,ชาย,7007,7004,1
38,หญิง,1026,1044,1
66,ชาย,3007,3001,1
63,ชาย,3020,3021,1
51,ชาย,3001,3001,0
36,ชาย,1606,1605,1
24,ชาย,1045,1038,1
56,ชาย,2010,1011,2
69,ชาย,3012,3012,0
52,หญิง,1604,1604,0
55,ชาย,3002,3007,1
48,ชาย,3009,1021,2
20,ชาย,1602,1602,0
42,ชาย,3029,3029,0
39,ชาย,5006,5212,2
35,ชาย,7401,1021,2
17,ชาย,5202,5202,0
55,ชาย,1023,1023,0
71,ชาย,6008,6008,0
48,หญิง,5107,5101,1
59,หญิง,7102,7107,1
37,ชาย,5103,5103,0
44,ชาย,7107,7103,1
21,หญิง,6005,6005,0
32,ชาย,5801,5101,2
12,ชาย,7108,7108,0
72,หญิง,6007,6007,0
68,ชาย,5105,5105,0
41,หญิง,7108,7108,0
77,ชาย,6012,6012,0
61,ชาย,5104,5104,0
41,หญิง,7101,7101,0
37,ชาย,6011,6011,0
48,ชาย,5101,5101,0
95,หญิง,7107,7107,0
27,ชาย,4210,4210,0
45,ชาย,6005,6005,0
52,ชาย,4209,4209,0
56,ชาย,6005,6006,1
72,ชาย,4209,4209,0
33,ชาย,7107,7107,0
39,ชาย,1010,1206,2
14,ชาย,7106,7106,0
35,หญิง,1027,1206,2
44,ชาย,3306,3306,0
19,ชาย,7107,7102,1
30,ชาย,1205,1205,0
17,ชาย,7108,1205,2
68,ชาย,1024,1204,2
56,หญิง,4614,4614,0
4,ชาย,1204,1201,1
44,หญิง,4605,4605,0
65,ชาย,4617,4617,0
18,ชาย,1204,1204,0
29,ชาย,6604,1206,2
54,ชาย,4602,4617,1
59,ชาย,3308,3308,0
28,ชาย,6207,6201,1
74,ชาย,3318,3318,0
33,ชาย,6210,6210,0
59,ชาย,4712,4712,0
68,ชาย,6201,6201,0
33,ชาย,4712,4712,0
40,หญิง,9601,9613,1
75,ชาย,4712,4712,0
45,ชาย,1706,6201,2
44,ชาย,9604,9605,1
2,หญิง,4710,4710,0
27,ชาย,6205,6201,1
48,ชาย,6205,6205,0
16,หญิง,4111,4712,2
22,ชาย,6201,6201,0
29,ชาย,4712,4712,0
64,หญิง,6207,6207,0
34,ชาย,4104,9610,2
60,ชาย,6207,6207,0
52,ชาย,4710,4710,0
44,หญิง,7007,6201,2
40,ชาย,5513,5513,0
66,ชาย,4701,4701,0
66,หญิง,6201,6201,0
46,ชาย,5513,5513,0
66,ชาย,4706,4706,0
42,ชาย,3807,3807,0
23,ชาย,2703,4712,2
63,ชาย,4006,4006,0
83,ชาย,4703,4704,1
65,ชาย,4017,4017,0
59,ชาย,3806,3806,0
40,หญิง,9004,9004,0
65,ชาย,3008,4001,2
42,ชาย,3805,3805,0
2,หญิง,9004,9004,0
27,หญิง,4408,4016,2
65,ชาย,3804,3804,0
27,ชาย,9011,9011,0
24,ชาย,4017,4003,1
35,ชาย,9010,9009,1
30,ชาย,4014,4014,0
40,ชาย,9006,9006,0
48,ชาย,3111,3111,0
40,ชาย,2202,2202,0
50,ชาย,3111,3111,0
40,ชาย,9004,9004,0
25,ชาย,2303,2202,2
25,ชาย,3110,3110,0
74,ชาย,9009,9009,0
79,ชาย,2202,2202,0
21,ชาย,2405,2405,0
36,ชาย,3115,3115,0
23,ชาย,1104,1105,1
54,หญิง,2406,2406,0
68,ชาย,3114,3114,0
42,หญิง,1106,1106,0
73,ชาย,2404,2404,0
66,ชาย,3102,3102,0
29,ชาย,1103,1103,0
24,ชาย,2403,2403,0
61,ชาย,3104,8023,1
32,ชาย,1103,1101,1
33,ชาย,2404,2404,0
34,หญิง,7401,1301,2
30,ชาย,1302,1302,0
35,หญิง,2007,2007,0
19,ชาย,1306,1306,0
19,ชาย,2208,1103,2
25,ชาย,2004,2004,0
37,ชาย,1030,1103,2
36,ชาย,2002,2002,0
18,ชาย,1302,1306,1
39,ชาย,1047,1106,2
17,ชาย,1608,1101,2
32,หญิง,2404,2001,2
29,ชาย,7401,1303,2
68,ชาย,1101,1101,0
32,ชาย,2401,2005,2
35,หญิง,3303,1103,2
34,ชาย,3015,1101,2
58,ชาย,1103,1104,1
30,ชาย,1307,1307,0
33,ชาย,2002,2002,0
55,หญิง,1307,1307,0
26,ชาย,1049,1104,2
67,ชาย,7502,7502,0
52,ชาย,1303,1306,1
25,ชาย,7402,7402,0
39,ชาย,2009,2004,1
29,ชาย,1307,1305,1
48,ชาย,1302,1302,0
21,ชาย,2003,2003,0
42,ชาย,1304,1304,0
71,ชาย,2006,2006,0
74,หญิง,1030,1302,2
28,ชาย,6711,2007,2
38,หญิง,1306,1306,0
26,ชาย,1303,1302,1
28,ชาย,3206,1302,2
51,ชาย,3205,2004,2
38,ชาย,7401,7401,0
34,ชาย,7707,7707,0
37,หญิง,7401,7401,0
62,ชาย,2009,2009,0
21,ชาย,5715,2007,2
25,ชาย,7701,7701,0
29,ชาย,2006,2006,0
30,ชาย,2002,2002,0
58,ชาย,7402,7402,0
33,ชาย,7402,7402,0
40,ชาย,2506,2007,2
23,ชาย,7704,7704,0
40,ชาย,2705,2705,0
63,หญิง,2705,2701,1
33,ชาย,9206,7701,2
55,ชาย,1807,1807,0
39,ชาย,2704,2704,0
56,หญิง,1805,1805,0
73,ชาย,2704,2704,0
53,ชาย,1805,1805,0
52,ชาย,7701,7701,0
73,ชาย,2704,2704,0
59,ชาย,1702,1805,2
55,ชาย,1903,1903,0
45,ชาย,1805,1805,0
50,ชาย,1804,1804,0
34,ชาย,7702,7702,0
43,หญิง,1902,1903,1
17,ชาย,3604,3604,0
55,ชาย,8023,1901,1
65,หญิง,3604,3604,0
57,ชาย,1902,1902,0
57,ชาย,3614,3614,0
74,หญิง,1905,1905,0
21,ชาย,1906,1908,1
1,ชาย,8607,8607,0
47,ชาย,1912,1912,0
1,ชาย,8605,8605,0
25,ชาย,2502,2502,0
46,ชาย,8604,8607,1
19,ชาย,1305,1704,2
24,ชาย,1704,1704,0
42,ชาย,8603,8603,0
43,หญิง,9401,9401,0
45,หญิง,8601,8607,1
29,ชาย,9412,9410,1
19,ชาย,1706,1702,1
1,ชาย,9410,9401,1
70,ชาย,1702,1701,1
17,ชาย,6402,6404,1
21,ชาย,8601,8603,1
28,ชาย,1408,1405,1
63,หญิง,6401,6401,0
62,ชาย,8608,8608,0
37,ชาย,1305,1404,2
19,ชาย,6401,6401,0
42,ชาย,1406,1406,0
31,ชาย,6408,6408,0
54,ชาย,5711,5711,0
32,ชาย,1406,1406,0
70,หญิง,7201,7201,0
21,ชาย,5701,5701,0
25,ชาย,1402,1403,1
46,ชาย,1603,7202,2
44,ชาย,5704,5704,0
69,ชาย,1406,1404,1
49,ชาย,7209,7209,0
1,ชาย,5714,5707,1
55,ชาย,1414,1414,0
27,หญิง,8406,8407,1
20,หญิง,5704,5704,0
40,หญิง,8404,8404,0
48,หญิง,5704,5704,0
45,ชาย,3804,1406,2
38,หญิง,8419,8411,1
42,ชาย,5701,5701,0
65,หญิง,5602,5602,0
20,ชาย,8404,8404,0
23,ชาย,5701,5701,0
59,หญิง,5603,5603,0
66,ชาย,5609,5605,1
30,หญิง,8404,8404,0
53,ชาย,8401,8403,1
42,ชาย,5603,5603,0
31,ชาย,8404,8404,0
30,ชาย,5106,5012,2
79,ชาย,8412,8412,0
21,ชาย,5009,5009,0
21,ชาย,8204,8201,1
23,ชาย,5009,5009,0
64,ชาย,9301,9301,0
15,ชาย,8419,8408,1
27,ชาย,5007,5012,1
68,ชาย,3210,3211,1
46,ชาย,9301,9311,1
74,ชาย,3207,3207,0
43,ชาย,6605,6605,0
13,ชาย,3205,3205,0
63,ชาย,6606,6606,0
50,ชาย,3206,3206,0
57,ชาย,5012,5015,1
73,ชาย,3209,3209,0
60,ชาย,5003,5003,0
71,ชาย,3205,3205,0
1,ชาย,5005,5005,0
24,ชาย,6605,6605,0
35,ชาย,5101,5012,2
25,ชาย,3207,3207,0
20,หญิง,6601,6601,0
40,ชาย,5001,5005,1
59,ชาย,6603,6603,0
32,ชาย,3205,3205,0
29,ชาย,5004,5004,0
31,ชาย,6609,6609,0
76,หญิง,3205,3205,0
30,ชาย,5017,5001,1
18,หญิง,6601,6607,1
64,ชาย,4302,4302,0
39,ชาย,5002,5002,0
65,ชาย,6607,6610,1
37,ชาย,4104,4305,2
67,หญิง,6609,6609,0
50,ชาย,6603,6603,0
68,ชาย,3803,4301,2
40,ชาย,5001,5002,1
12,ชาย,6603,6603,0
69,หญิง,5009,5009,0
66,ชาย,3902,3902,0
17,หญิง,5012,5012,0
20,ชาย,6508,6508,0
54,หญิง,3904,3904,0
19,ชาย,5009,5009,0
61,ชาย,6504,6504,0
70,ชาย,3906,3906,0
54,ชาย,5022,5022,0
70,หญิง,1504,1504,0
69,ชาย,5023,5023,0
39,ชาย,5008,5008,0
22,ชาย,5009,5009,0
68,ชาย,7604,7604,0
82,ชาย,7604,7604,0
20,ชาย,5007,5007,0
63,ชาย,7604,7604,0
55,ชาย,1504,1504,0
69,ชาย,7608,7604,1
57,ชาย,3704,3704,0
26,ชาย,5004,5019,1
44,ชาย,7401,7604,2
58,ชาย,6405,3701,2
62,ชาย,5017,5017,0
64,ชาย,4106,7605,2
25,ชาย,5004,5019,1
27,ชาย,4101,4101,0
21,หญิง,5715,7602,2
38,ชาย,4119,4119,0
49,ชาย,7501,7602,2
64,ชาย,4101,4101,0
41,ชาย,7604,7604,0
83,ชาย,4101,4101,0
28,ชาย,5006,5006,0
16,ชาย,5012,5012,0
66,ชาย,7601,7601,0
26,หญิง,4101,4101,0
16,ชาย,5009,5009,0
69,หญิง,7604,7604,0
57,หญิง,4101,4101,0
13,ชาย,5010,5010,0
59,ชาย,7604,7604,0
48,ชาย,4120,4120,0
52,ชาย,5012,5012,0
15,ชาย,4103,4103,0
68,ชาย,5012,5012,0
69,หญิง,6703,6703,0
56,ชาย,4101,4106,1
22,ชาย,9201,9207,1
36,หญิง,5001,5403,2
17,ชาย,4109,4109,0
49,ชาย,5402,5402,0
70,ชาย,4104,4104,0
67,หญิง,9201,9201,0
76,ชาย,5401,5401,0
60,ชาย,4101,4101,0
26,หญิง,9207,9202,1
40,ชาย,5406,5406,0
46,ชาย,4101,4101,0
54,ชาย,9205,9205,0
66,ชาย,5404,5404,0
15,หญิง,4101,4101,0
2,หญิง,9210,9210,0
26,ชาย,5404,5404,0
72,ชาย,9204,9204,0
58,ชาย,5401,5401,0
19,ชาย,9201,9201,0
27,ชาย,9204,9203,1
29,ชาย,4101,4101,0
52,หญิง,9201,9201,0
19,หญิง,4101,4101,0
29,ชาย,2305,2301,1
60,หญิง,4106,4106,0
34,ชาย,2302,2302,0
70,ชาย,4001,4101,2
43,ชาย,8303,8303,0
53,ชาย,4108,4108,0
22,ชาย,8301,8301,0
35,หญิง,3201,2307,2
33,ชาย,8301,8301,0
16,ชาย,4106,4106,0
28,ชาย,2301,2301,0
62,ชาย,8301,8302,1
78,ชาย,4121,4121,0
35,ชาย,2303,2303,0
69,หญิง,8303,8303,0
33,ชาย,4101,4101,0
30,ชาย,2302,2302,0
69,ชาย,4122,4118,1
45,ชาย,2205,2304,2
54,หญิง,4408,4408,0
54,ชาย,4101,4101,0
43,ชาย,6303,6303,0
27,ชาย,4408,4408,0
59,ชาย,4111,4111,0
19,ชาย,6301,6301,0
65,หญิง,4101,4101,0
19,ชาย,4119,4119,0
64,หญิง,4901,4901,0
1,หญิง,3805,4101,2
24,ชาย,6304,6304,0
67,ชาย,4119,4119,0
62,หญิง,6301,6301,0
15,ชาย,5807,5807,0
66,หญิง,4102,4102,0
59,ชาย,8606,8101,2
56,ชาย,4101,4101,0
66,หญิง,3110,8101,2
58,หญิง,3502,3502,0
52,หญิง,4305,4119,2
15,หญิง,3506,3506,0
13,ชาย,4119,4119,0
15,หญิง,8101,8101,0
25,ชาย,1902,2603,2
62,ชาย,4111,4101,1
63,ชาย,8108,8108,0
60,ชาย,3505,3505,0
16,หญิง,4101,4101,0
23,ชาย,7302,7302,0
64,ชาย,4101,4101,0
37,ชาย,7306,7306,0
17,หญิง,9506,9506,0
49,ชาย,7401,1021,2
20,ชาย,7303,7302,1
63,ชาย,9501,9501,0
49,ชาย,4109,4109,0
29,ชาย,1105,1024,2
24,ชาย,7306,7306,0
50,หญิง,4107,4107,0
36,ชาย,1042,1045,1
1,หญิง,7301,7301,0
50,ชาย,8001,9507,2
33,ชาย,4117,4117,0
14,ชาย,1011,1011,0
71,ชาย,9405,9501,2
44,ชาย,5019,5101,2
